event_id,kickoff_at,season,side,odd,outcome_probability,market_probability_devig,gross_ev,conservative_ev,indication_strength_0_100,strength_cap_reason,uncertainty_haircut,profit,clv,won,contaminated,outer_fold,config_id
11067309,2023-09-03T14:00:00+00:00,2023,under,2.2,0.5939450336133459,0.43108352728213084,0.3066790739493612,0.21933444202558097,30,NO_PROSPECTIVE_A1_EVIDENCE,0.03061119632899101,1.2000000000000002,0.20721191533838534,True,False,1,6b9a85b415d5f0f6
11067297,2023-09-03T19:00:00+00:00,2023,under,2.1,0.5859945844957855,0.45126731120982494,0.2305886274411495,0.14630511515026837,30,NO_PROSPECTIVE_A1_EVIDENCE,0.03061119632899101,1.1,0.10526315789473673,True,False,1,6b9a85b415d5f0f6
11067307,2023-09-03T21:30:00+00:00,2023,under,2.2,0.6042675776365349,0.43108352728213084,0.32938867080037704,0.24204403887659678,30,NO_PROSPECTIVE_A1_EVIDENCE,0.03061119632899101,1.2000000000000002,0.2924648786717752,True,False,1,6b9a85b415d5f0f6
11067314,2023-09-03T21:30:00+00:00,2023,under,2.2,0.5867436535948158,0.43108352728213084,0.290836037908595,0.20349140598481477,30,NO_PROSPECTIVE_A1_EVIDENCE,0.03061119632899101,1.2000000000000002,0.25161623997931226,True,False,1,6b9a85b415d5f0f6
11067316,2023-09-03T21:30:00+00:00,2023,under,2.2,0.6055703182382044,0.43108352728213084,0.3322547001240497,0.24491006820026964,30,NO_PROSPECTIVE_A1_EVIDENCE,0.03061119632899101,1.2000000000000002,0.2924648786717752,True,False,1,6b9a85b415d5f0f6
11067318,2023-09-14T00:30:00+00:00,2023,under,1.909,0.5931363512198312,0.5,0.1322972944786578,0.05386052068661386,30,NO_PROSPECTIVE_A1_EVIDENCE,0.03061119632899101,-1.0,-0.045499999999999985,False,False,1,6b9a85b415d5f0f6
11067338,2023-09-14T22:00:00+00:00,2023,under,2.2,0.5990305092916327,0.43108352728213084,0.31786712044159215,0.2305224885178119,30,NO_PROSPECTIVE_A1_EVIDENCE,0.03061119632899101,-1.0,0.2924648786717752,False,False,1,6b9a85b415d5f0f6
11067328,2023-09-15T00:30:00+00:00,2023,under,2.0,0.6021044148619342,0.47368421052631576,0.20420882972386845,0.12298643706588643,30,NO_PROSPECTIVE_A1_EVIDENCE,0.03061119632899101,1.0,0.0,True,False,1,6b9a85b415d5f0f6
11067340,2023-09-15T23:00:00+00:00,2023,under,2.2,0.585529395070171,0.43108352728213084,0.2881646691543762,0.20082003723059597,30,NO_PROSPECTIVE_A1_EVIDENCE,0.03061119632899101,-1.0,0.324125696908262,False,False,1,6b9a85b415d5f0f6
11067322,2023-09-16T19:00:00+00:00,2023,under,2.2,0.603635174751322,0.43108352728213084,0.3279973844529085,0.24065275252912824,30,NO_PROSPECTIVE_A1_EVIDENCE,0.03061119632899101,-1.0,0.3637490701710886,False,False,1,6b9a85b415d5f0f6
11067361,2023-09-18T23:00:00+00:00,2023,under,2.2,0.5861264937828692,0.43108352728213084,0.2894782863223122,0.20213365439853218,30,NO_PROSPECTIVE_A1_EVIDENCE,0.03061119632899101,-1.0,0.20721191533838534,False,False,1,6b9a85b415d5f0f6
11541538,2023-09-20T00:30:00+00:00,2023,under,2.0,0.6086762389522564,0.47368421052631576,0.21735247790451284,0.13613008524653084,30,NO_PROSPECTIVE_A1_EVIDENCE,0.03061119632899101,1.0,-0.052631578947368474,True,False,1,6b9a85b415d5f0f6
11067351,2023-09-20T22:00:00+00:00,2023,under,2.1,0.6095947396785315,0.45126731120982494,0.2801489533249162,0.19586544103403505,30,NO_PROSPECTIVE_A1_EVIDENCE,0.03061119632899101,1.1,0.2337164750957852,True,False,1,6b9a85b415d5f0f6
11067342,2023-09-21T00:30:00+00:00,2023,under,2.1,0.5627496836655157,0.45126731120982494,0.18177433569758294,0.0974908234067018,30,NO_PROSPECTIVE_A1_EVIDENCE,0.03061119632899101,1.1,0.1523386464593679,True,False,1,6b9a85b415d5f0f6
11067347,2023-09-21T00:30:00+00:00,2023,under,2.1,0.6048696238960443,0.45126731120982494,0.270226210181693,0.1859426978908119,30,NO_PROSPECTIVE_A1_EVIDENCE,0.03061119632899101,-1.0,0.2337164750957852,False,False,1,6b9a85b415d5f0f6
11541537,2023-09-21T22:00:00+00:00,2023,under,2.2,0.5929177419054958,0.43108352728213084,0.304419032192091,0.21707440026831074,30,NO_PROSPECTIVE_A1_EVIDENCE,0.03061119632899101,-1.0,0.25161623997931226,False,False,1,6b9a85b415d5f0f6
11067358,2023-09-21T22:30:00+00:00,2023,under,2.1,0.5878860506861358,0.45126731120982494,0.23456070644088522,0.1502771941500041,30,NO_PROSPECTIVE_A1_EVIDENCE,0.03061119632899101,-1.0,0.2337164750957852,False,False,1,6b9a85b415d5f0f6
11067356,2023-09-22T00:30:00+00:00,2023,under,2.1,0.6084722052299554,0.45126731120982494,0.27779163098290627,0.19350811869202514,30,NO_PROSPECTIVE_A1_EVIDENCE,0.03061119632899101,1.1,0.1523386464593679,True,False,1,6b9a85b415d5f0f6
11067355,2023-09-24T00:00:00+00:00,2023,under,2.0,0.577641047389399,0.47368421052631576,0.15528209477879806,0.07405970212081604,30,NO_PROSPECTIVE_A1_EVIDENCE,0.03061119632899101,1.0,0.27272727272727293,True,False,1,6b9a85b415d5f0f6
11630683,2023-09-25T23:00:00+00:00,2023,under,2.2,0.6017424672229322,0.43108352728213084,0.3238334278904511,0.23648879596667086,30,NO_PROSPECTIVE_A1_EVIDENCE,0.03061119632899101,1.2000000000000002,0.20721191533838534,True,False,1,6b9a85b415d5f0f6
11067382,2023-10-01T19:00:00+00:00,2023,under,2.2,0.5848840365699555,0.43108352728213084,0.2867448804539021,0.19940024853012187,30,NO_PROSPECTIVE_A1_EVIDENCE,0.03061119632899101,1.2000000000000002,0.324125696908262,True,False,1,6b9a85b415d5f0f6
11067375,2023-10-01T21:30:00+00:00,2023,under,2.0,0.6066988330497982,0.47368421052631576,0.21339766609959643,0.13217527344161442,30,NO_PROSPECTIVE_A1_EVIDENCE,0.03061119632899101,-1.0,0.0,False,False,1,6b9a85b415d5f0f6
11067391,2023-10-07T21:30:00+00:00,2023,under,2.15,0.6000123954429029,0.43673041655750594,0.29002665020224105,0.20421257809491047,30,NO_PROSPECTIVE_A1_EVIDENCE,0.03061119632899101,1.15,0.2885743432797756,True,False,1,6b9a85b415d5f0f6
11067396,2023-10-08T00:00:00+00:00,2023,under,2.1,0.6025135740310001,0.4473684210526316,0.26527850546510034,0.18099499317421922,30,NO_PROSPECTIVE_A1_EVIDENCE,0.03061119632899101,1.1,0.2814645308924486,True,False,1,6b9a85b415d5f0f6
11067401,2023-10-08T21:30:00+00:00,2023,under,2.3,0.5020743850736077,0.41025641025641024,0.15477108566929765,0.06436533411261826,30,NO_PROSPECTIVE_A1_EVIDENCE,0.03061119632899101,-1.0,0.24078947368421044,False,False,1,6b9a85b415d5f0f6
11067405,2023-10-08T21:30:00+00:00,2023,under,2.0,0.5944101284473053,0.47368421052631576,0.18882025689461068,0.10759786423662866,30,NO_PROSPECTIVE_A1_EVIDENCE,0.03061119632899101,1.0,0.09153077327722259,True,False,1,6b9a85b415d5f0f6
12117109,2024-07-04T23:00:00+00:00,2024,under,2.3,0.5819755316427582,0.41025641025641024,0.33854372277834366,0.24813797122166428,30,NO_PROSPECTIVE_A1_EVIDENCE,0.03061119632899101,-1.0,0.35641025641025603,False,True,1,6b9a85b415d5f0f6
12117120,2024-07-06T23:00:00+00:00,2024,under,2.15,0.5877517574085243,0.43673041655750594,0.263666278428327,0.17785220632099644,30,NO_PROSPECTIVE_A1_EVIDENCE,0.03061119632899101,1.15,0.26794871794871766,True,True,1,6b9a85b415d5f0f6
12117115,2024-07-07T19:00:00+00:00,2024,under,2.2,0.5737402277395147,0.4285714285714286,0.2622285010269325,0.17488386910315226,30,NO_PROSPECTIVE_A1_EVIDENCE,0.03061119632899101,-1.0,0.23919308357348723,False,True,1,6b9a85b415d5f0f6
12117121,2024-07-07T19:00:00+00:00,2024,under,2.2,0.5526970621106433,0.4285714285714286,0.2159335366434154,0.12858890471963516,30,NO_PROSPECTIVE_A1_EVIDENCE,0.03061119632899101,1.2000000000000002,0.21578947368421075,True,True,1,6b9a85b415d5f0f6
12117114,2024-07-07T21:00:00+00:00,2024,under,2.1,0.5563173459431296,0.4473684210526316,0.16826642648057222,0.0839829141896913,30,NO_PROSPECTIVE_A1_EVIDENCE,0.03061119632899101,-1.0,0.2225097024579561,False,True,1,6b9a85b415d5f0f6
12117119,2024-07-07T21:30:00+00:00,2024,under,2.0,0.5663727138623853,0.47368421052631576,0.1327454277247706,0.05152303506678858,30,NO_PROSPECTIVE_A1_EVIDENCE,0.03061119632899101,1.0,-0.1428571428571428,True,True,1,6b9a85b415d5f0f6
12117133,2024-07-11T23:00:00+00:00,2024,under,2.25,0.5648147990895929,0.4178525226390685,0.27083329795158395,0.18195810621135425,30,NO_PROSPECTIVE_A1_EVIDENCE,0.03061119632899101,1.25,0.32692307692307665,True,True,1,6b9a85b415d5f0f6
12117136,2024-07-13T19:00:00+00:00,2024,under,2.1,0.5685663160742985,0.4473684210526316,0.193989263756027,0.10970575146514584,30,NO_PROSPECTIVE_A1_EVIDENCE,0.03061119632899101,-1.0,0.1328947368421054,False,True,1,6b9a85b415d5f0f6
12117139,2024-07-17T00:00:00+00:00,2024,under,2.15,0.5876107288205275,0.43673041655750594,0.26336306696413403,0.17754899485680323,30,NO_PROSPECTIVE_A1_EVIDENCE,0.03061119632899101,-1.0,0.17339558127301413,False,True,1,6b9a85b415d5f0f6
12117142,2024-07-17T22:00:00+00:00,2024,under,2.25,0.5884178200334786,0.4178525226390685,0.32394009507532706,0.23506490333509714,30,NO_PROSPECTIVE_A1_EVIDENCE,0.03061119632899101,1.25,0.30983182406209564,True,True,1,6b9a85b415d5f0f6
12117140,2024-07-17T23:00:00+00:00,2024,under,2.2,0.5530962043749351,0.4285714285714286,0.21681164962485733,0.12946701770107708,30,NO_PROSPECTIVE_A1_EVIDENCE,0.03061119632899101,1.2000000000000002,0.20068385060494487,True,True,1,6b9a85b415d5f0f6
12117141,2024-07-18T00:30:00+00:00,2024,under,2.1,0.5538958003097332,0.4473684210526316,0.16318118065043974,0.0788976683595586,30,NO_PROSPECTIVE_A1_EVIDENCE,0.03061119632899101,-1.0,0.14610731194108384,False,True,1,6b9a85b415d5f0f6
12117148,2024-07-20T21:30:00+00:00,2024,under,2.25,0.56721744147998,0.4178525226390685,0.276239243329955,0.18736405158972527,30,NO_PROSPECTIVE_A1_EVIDENCE,0.03061119632899101,1.25,0.37299771167048057,True,True,1,6b9a85b415d5f0f6
12117144,2024-07-21T14:00:00+00:00,2024,under,2.25,0.5837045289358229,0.4178525226390685,0.3133351901056016,0.2244599983653717,30,NO_PROSPECTIVE_A1_EVIDENCE,0.03061119632899101,1.25,0.30983182406209564,True,True,1,6b9a85b415d5f0f6
12117145,2024-07-21T19:00:00+00:00,2024,under,2.2,0.5731394195169466,0.4285714285714286,0.26090672293728256,0.1735620910135023,30,NO_PROSPECTIVE_A1_EVIDENCE,0.03061119632899101,1.2000000000000002,0.1578947368421053,True,True,1,6b9a85b415d5f0f6
12117146,2024-07-21T19:00:00+00:00,2024,under,2.05,0.5608956944961098,0.46052631578947373,0.14983617371702485,0.06708322124259337,30,NO_PROSPECTIVE_A1_EVIDENCE,0.03061119632899101,1.0499999999999998,-0.08289473684210535,True,True,1,6b9a85b415d5f0f6
12117150,2024-07-21T21:30:00+00:00,2024,under,2.25,0.5827647705874561,0.4178525226390685,0.3112207338217763,0.22234554208154658,30,NO_PROSPECTIVE_A1_EVIDENCE,0.03061119632899101,1.25,0.24342105263157898,True,True,1,6b9a85b415d5f0f6
12117153,2024-07-21T21:30:00+00:00,2024,under,2.25,0.5887361549864805,0.4178525226390685,0.32465634871958104,0.23578115697935134,30,NO_PROSPECTIVE_A1_EVIDENCE,0.03061119632899101,1.25,0.30983182406209564,True,True,1,6b9a85b415d5f0f6
12117152,2024-07-21T23:00:00+00:00,2024,under,2.25,0.5596009569075843,0.4178525226390685,0.2591021530420645,0.17022696130183482,30,NO_PROSPECTIVE_A1_EVIDENCE,0.03061119632899101,1.25,0.46597490347490367,True,True,1,6b9a85b415d5f0f6
12117155,2024-07-24T22:00:00+00:00,2024,under,2.1,0.5471647380774355,0.4473684210526316,0.14904594996261467,0.06476243767173352,30,NO_PROSPECTIVE_A1_EVIDENCE,0.03061119632899101,1.1,0.050000000000000044,True,True,1,6b9a85b415d5f0f6
12117173,2024-07-27T22:00:00+00:00,2024,under,2.0,0.5876154074000173,0.47368421052631576,0.17523081480003455,0.09400842214205253,30,NO_PROSPECTIVE_A1_EVIDENCE,0.03061119632899101,-1.0,0.1794871794871793,False,True,1,6b9a85b415d5f0f6
12117170,2024-07-28T14:00:00+00:00,2024,under,2.1,0.5636120628137413,0.4473684210526316,0.18358533190885673,0.09778507582956865,34,NO_PROSPECTIVE_A1_EVIDENCE,0.031333455275851525,1.1,0.18286612522923762,True,True,2,a8b586b3421a94a6
12117165,2024-07-28T22:00:00+00:00,2024,under,2.05,0.5643416354574028,0.46052631578947373,0.15690035268767555,0.0726667693721801,34,NO_PROSPECTIVE_A1_EVIDENCE,0.031333455275851525,-1.0,0.1547026460571128,False,True,2,a8b586b3421a94a6
12117172,2024-07-28T22:00:00+00:00,2024,under,2.15,0.5884527871746661,0.43673041655750594,0.265173492425532,0.1778065635824513,34,NO_PROSPECTIVE_A1_EVIDENCE,0.031333455275851525,-1.0,0.37177914110429433,False,True,2,a8b586b3421a94a6
12117178,2024-08-03T22:00:00+00:00,2024,under,2.15,0.5907229395758047,0.43673041655750594,0.2700543200879799,0.18268739124489922,34,NO_PROSPECTIVE_A1_EVIDENCE,0.031333455275851525,-1.0,-0.1619755911517925,False,True,2,a8b586b3421a94a6
12117182,2024-08-03T23:00:00+00:00,2024,under,2.25,0.5720788434496029,0.4178525226390685,0.28717739776160656,0.1966771233909406,34,NO_PROSPECTIVE_A1_EVIDENCE,0.031333455275851525,-1.0,0.34850803366488137,False,True,2,a8b586b3421a94a6
12117183,2024-08-03T23:00:00+00:00,2024,under,2.15,0.5920414675219111,0.43673041655750594,0.2728891551721089,0.18552222632902818,34,NO_PROSPECTIVE_A1_EVIDENCE,0.031333455275851525,-1.0,0.22857142857142865,False,True,2,a8b586b3421a94a6
12117180,2024-08-04T00:30:00+00:00,2024,under,2.1,0.5906810385806547,0.4473684210526316,0.24043018101937497,0.15462992494008668,34,NO_PROSPECTIVE_A1_EVIDENCE,0.031333455275851525,1.1,0.3682432432432434,True,True,2,a8b586b3421a94a6
12117181,2024-08-04T19:00:00+00:00,2024,under,2.15,0.5714980986166223,0.43673041655750594,0.22872091202573785,0.14135398318265716,34,NO_PROSPECTIVE_A1_EVIDENCE,0.031333455275851525,1.15,0.13157894736842102,True,True,2,a8b586b3421a94a6
12117192,2024-08-10T22:00:00+00:00,2024,under,2.15,0.5783650650495578,0.43673041655750594,0.24348488985654915,0.15611796101346845,34,NO_PROSPECTIVE_A1_EVIDENCE,0.031333455275851525,-1.0,0.4008204633204635,False,True,2,a8b586b3421a94a6
12117188,2024-08-11T00:30:00+00:00,2024,under,2.1,0.5866943655443326,0.4473684210526316,0.2320581676430986,0.14625791156381032,34,NO_PROSPECTIVE_A1_EVIDENCE,0.031333455275851525,1.1,0.2814645308924486,True,True,2,a8b586b3421a94a6
12117189,2024-08-11T00:30:00+00:00,2024,under,2.05,0.5912855903409315,0.46052631578947373,0.2121354601989096,0.12790187688341395,34,NO_PROSPECTIVE_A1_EVIDENCE,0.031333455275851525,1.0499999999999998,0.28125,True,True,2,a8b586b3421a94a6
12117193,2024-08-11T14:00:00+00:00,2024,under,2.05,0.5835464741127597,0.46052631578947373,0.19627027193115731,0.11203668861566164,34,NO_PROSPECTIVE_A1_EVIDENCE,0.031333455275851525,-1.0,0.22864065289466962,False,True,2,a8b586b3421a94a6
12117195,2024-08-17T19:00:00+00:00,2024,under,2.05,0.55444157456973,0.46052631578947373,0.13660522786794638,0.052371644552450705,34,NO_PROSPECTIVE_A1_EVIDENCE,0.031333455275851525,1.0499999999999998,0.30797546012269916,True,True,2,a8b586b3421a94a6
12117200,2024-08-17T21:30:00+00:00,2024,under,2.15,0.5920384103499527,0.43673041655750594,0.27288258225239836,0.18551565340931767,34,NO_PROSPECTIVE_A1_EVIDENCE,0.031333455275851525,-1.0,0.2110296044013622,False,True,2,a8b586b3421a94a6
12117197,2024-08-18T00:00:00+00:00,2024,under,2.3,0.5809294943685059,0.41025641025641024,0.3361378370475636,0.24407088991310502,34,NO_PROSPECTIVE_A1_EVIDENCE,0.031333455275851525,1.2999999999999998,0.5467836257309944,True,True,2,a8b586b3421a94a6
12117199,2024-08-18T19:00:00+00:00,2024,under,2.2,0.5811839457819448,0.4285714285714286,0.27860468072027866,0.18967107911340533,34,NO_PROSPECTIVE_A1_EVIDENCE,0.031333455275851525,-1.0,0.3185411884723286,False,True,2,a8b586b3421a94a6
12117203,2024-08-18T19:00:00+00:00,2024,under,2.0,0.5842309973723226,0.47368421052631576,0.1684619947446453,0.08579508419294225,34,NO_PROSPECTIVE_A1_EVIDENCE,0.031333455275851525,-1.0,0.14285714285714302,False,True,2,a8b586b3421a94a6
12117198,2024-08-18T21:30:00+00:00,2024,under,2.05,0.5860101253366835,0.46052631578947373,0.20132075694020113,0.11708717362470546,34,NO_PROSPECTIVE_A1_EVIDENCE,0.031333455275851525,-1.0,0.19340232858990936,False,True,2,a8b586b3421a94a6
12117201,2024-08-18T21:30:00+00:00,2024,under,2.15,0.5640283495482555,0.43673041655750594,0.21266095152874942,0.1252940226856685,34,NO_PROSPECTIVE_A1_EVIDENCE,0.031333455275851525,-1.0,-0.009868421052631526,False,True,2,a8b586b3421a94a6
12117212,2024-08-24T19:00:00+00:00,2024,under,2.25,0.5906499829750145,0.4178525226390685,0.3289624616937825,0.23846218732311678,34,NO_PROSPECTIVE_A1_EVIDENCE,0.031333455275851525,-1.0,0.22797211993687538,False,True,2,a8b586b3421a94a6
12117205,2024-08-25T00:00:00+00:00,2024,under,2.1,0.5653278056832385,0.4473684210526316,0.18718839193480097,0.10138813585551266,34,NO_PROSPECTIVE_A1_EVIDENCE,0.031333455275851525,1.1,0.3682432432432434,True,True,2,a8b586b3421a94a6
12117206,2024-08-25T19:00:00+00:00,2024,under,2.2,0.5904782274956313,0.4285714285714286,0.299052100490389,0.21011849888351566,34,NO_PROSPECTIVE_A1_EVIDENCE,0.031333455275851525,1.2000000000000002,0.1578947368421053,True,True,2,a8b586b3421a94a6
12117211,2024-08-25T19:00:00+00:00,2024,under,2.15,0.5437368564710147,0.43673041655750594,0.16903424141268153,0.08166731256960082,34,NO_PROSPECTIVE_A1_EVIDENCE,0.031333455275851525,1.15,0.2885743432797756,True,True,2,a8b586b3421a94a6
12117213,2024-08-25T19:00:00+00:00,2024,under,2.25,0.5871169736274802,0.4178525226390685,0.3210131906618303,0.23051291629116435,34,NO_PROSPECTIVE_A1_EVIDENCE,0.031333455275851525,1.25,0.2857142857142858,True,True,2,a8b586b3421a94a6
12117208,2024-08-27T00:00:00+00:00,2024,under,2.1,0.5833365422905032,0.4473684210526316,0.22500673881005695,0.13920648273076866,34,NO_PROSPECTIVE_A1_EVIDENCE,0.031333455275851525,-1.0,0.18286612522923762,False,True,2,a8b586b3421a94a6
12117222,2024-08-31T21:30:00+00:00,2024,under,2.15,0.5884015612045698,0.43673041655750594,0.26506335658982505,0.17769642774674413,34,NO_PROSPECTIVE_A1_EVIDENCE,0.031333455275851525,-1.0,0.26794871794871766,False,True,2,a8b586b3421a94a6
12117218,2024-09-01T00:00:00+00:00,2024,under,2.2,0.5852602143166685,0.4285714285714286,0.28757247149667076,0.19863886988979743,34,NO_PROSPECTIVE_A1_EVIDENCE,0.031333455275851525,1.2000000000000002,0.1578947368421053,True,True,2,a8b586b3421a94a6
12117219,2024-09-01T19:00:00+00:00,2024,under,2.15,0.5908066288694994,0.43673041655750594,0.27023425206942364,0.18286732322634294,34,NO_PROSPECTIVE_A1_EVIDENCE,0.031333455275851525,-1.0,0.37177914110429433,False,True,2,a8b586b3421a94a6
12117216,2024-09-01T21:30:00+00:00,2024,under,2.15,0.5916546770711311,0.43673041655750594,0.27205755570293166,0.18469062685985096,34,NO_PROSPECTIVE_A1_EVIDENCE,0.031333455275851525,1.15,0.2885743432797756,True,True,2,a8b586b3421a94a6
12117220,2024-09-01T21:30:00+00:00,2024,under,2.1,0.5894607619937171,0.4473684210526316,0.23786760018680608,0.1520673441075178,34,NO_PROSPECTIVE_A1_EVIDENCE,0.031333455275851525,-1.0,0.10526315789473673,False,True,2,a8b586b3421a94a6
12117227,2024-09-15T21:30:00+00:00,2024,under,2.075,0.5676680472051048,0.45423461336138876,0.17791119795059251,0.09289427825320053,34,NO_PROSPECTIVE_A1_EVIDENCE,0.031333455275851525,1.0750000000000002,0.14671052631578974,True,True,2,a8b586b3421a94a6
12117224,2024-09-16T23:00:00+00:00,2024,under,2.3,0.5653771548811337,0.41025641025641024,0.30036745622660743,0.20830050909214906,34,NO_PROSPECTIVE_A1_EVIDENCE,0.031333455275851525,-1.0,0.37847487885743436,False,True,2,a8b586b3421a94a6
12117236,2024-09-21T19:00:00+00:00,2024,under,2.075,0.5843739809791321,0.45423461336138876,0.21257601053169917,0.1275590908343072,34,NO_PROSPECTIVE_A1_EVIDENCE,0.031333455275851525,1.0750000000000002,0.18571428571428594,True,True,2,a8b586b3421a94a6
12117239,2024-09-21T19:00:00+00:00,2024,under,2.25,0.5630008653236502,0.4178525226390685,0.2667519469782129,0.17625167260754718,34,NO_PROSPECTIVE_A1_EVIDENCE,0.031333455275851525,-1.0,0.24342105263157898,False,True,2,a8b586b3421a94a6
12117241,2024-09-22T00:00:00+00:00,2024,under,2.1,0.5742640217816133,0.4473684210526316,0.205954445741388,0.12015418966209969,34,NO_PROSPECTIVE_A1_EVIDENCE,0.031333455275851525,-1.0,0.2225097024579561,False,True,2,a8b586b3421a94a6
12117235,2024-09-22T19:00:00+00:00,2024,under,2.05,0.5756759666960387,0.46052631578947373,0.18013573172687924,0.09590214841138357,34,NO_PROSPECTIVE_A1_EVIDENCE,0.031333455275851525,-1.0,0.19340232858990936,False,True,2,a8b586b3421a94a6
12117238,2024-09-22T19:00:00+00:00,2024,under,2.075,0.5918998175995764,0.45423461336138876,0.22819212151912116,0.1431752018217294,34,NO_PROSPECTIVE_A1_EVIDENCE,0.031333455275851525,1.0750000000000002,-0.017105263157894735,True,True,2,a8b586b3421a94a6
12117234,2024-09-22T21:30:00+00:00,2024,under,2.0,0.5917974468073479,0.47368421052631576,0.18359489361469583,0.10092798306299279,34,NO_PROSPECTIVE_A1_EVIDENCE,0.031333455275851525,-1.0,0.10526315789473695,False,True,2,a8b586b3421a94a6
12117253,2024-09-29T14:00:00+00:00,2024,under,2.05,0.5910490112113262,0.46052631578947373,0.2116504729832187,0.12741688966772305,34,NO_PROSPECTIVE_A1_EVIDENCE,0.031333455275851525,1.0499999999999998,0.1059210526315788,True,True,2,a8b586b3421a94a6
12117250,2024-09-29T19:00:00+00:00,2024,under,2.25,0.5631643361815961,0.4178525226390685,0.2671197564085912,0.17661948203792524,34,NO_PROSPECTIVE_A1_EVIDENCE,0.031333455275851525,-1.0,0.5625,False,True,2,a8b586b3421a94a6
12117251,2024-09-29T19:00:00+00:00,2024,under,2.2,0.529875903894664,0.4285714285714286,0.16572698856826085,0.0767933869613875,34,NO_PROSPECTIVE_A1_EVIDENCE,0.031333455275851525,1.2000000000000002,0.29743589743589727,True,True,2,a8b586b3421a94a6
12117252,2024-09-29T19:00:00+00:00,2024,under,2.2,0.5900538496527894,0.4285714285714286,0.2981184692361367,0.2091848676292634,34,NO_PROSPECTIVE_A1_EVIDENCE,0.031333455275851525,1.2000000000000002,0.34248665141113666,True,True,2,a8b586b3421a94a6
12117244,2024-09-29T21:30:00+00:00,2024,under,2.15,0.5522562823470192,0.43673041655750594,0.1873510070460911,0.09998407820301038,34,NO_PROSPECTIVE_A1_EVIDENCE,0.031333455275851525,-1.0,0.07499999999999996,False,True,2,a8b586b3421a94a6
12117245,2024-09-29T21:30:00+00:00,2024,under,2.2,0.5789760732969063,0.4285714285714286,0.27374736125319377,0.18481375964632044,34,NO_PROSPECTIVE_A1_EVIDENCE,0.031333455275851525,1.2000000000000002,0.21578947368421075,True,True,2,a8b586b3421a94a6
12117263,2024-10-03T22:00:00+00:00,2024,under,2.15,0.5586292421953644,0.43673041655750594,0.20105287072003342,0.11368594187695248,34,NO_PROSPECTIVE_A1_EVIDENCE,0.031333455275851525,1.15,0.13157894736842102,True,True,2,a8b586b3421a94a6
12117254,2024-10-05T00:30:00+00:00,2024,under,2.2,0.5919702104308744,0.4285714285714286,0.30233446294792365,0.2127654914018853,38,NO_PROSPECTIVE_A1_EVIDENCE,0.031622259793653844,-1.0,0.20068385060494487,False,True,3,6b9a85b415d5f0f6
12117255,2024-10-05T19:30:00+00:00,2024,under,2.1,0.5655614441611707,0.4473684210526316,0.18767903273845854,0.1012722871717855,38,NO_PROSPECTIVE_A1_EVIDENCE,0.031622259793653844,-1.0,0.3125,False,True,3,6b9a85b415d5f0f6
12117260,2024-10-05T19:30:00+00:00,2024,under,2.15,0.5885760052022084,0.43673041655750594,0.2654384111847481,0.1774505526283923,38,NO_PROSPECTIVE_A1_EVIDENCE,0.031622259793653844,1.15,0.10328947368421026,True,True,3,6b9a85b415d5f0f6
12117261,2024-10-05T19:30:00+00:00,2024,under,2.2,0.5853720227831345,0.4285714285714286,0.287818450122896,0.19824947857685762,38,NO_PROSPECTIVE_A1_EVIDENCE,0.031622259793653844,1.2000000000000002,0.1578947368421053,True,True,3,6b9a85b415d5f0f6
12117256,2024-10-05T22:00:00+00:00,2024,under,2.05,0.5899442932846296,0.46052631578947373,0.2093858012334906,0.12456016865650012,38,NO_PROSPECTIVE_A1_EVIDENCE,0.031622259793653844,1.0499999999999998,0.1188190426091531,True,True,3,6b9a85b415d5f0f6
12117258,2024-10-06T00:00:00+00:00,2024,under,2.1,0.5628379556174448,0.4473684210526316,0.1819597067966341,0.09555296122996106,38,NO_PROSPECTIVE_A1_EVIDENCE,0.031622259793653844,1.1,0.1328947368421054,True,True,3,6b9a85b415d5f0f6
12117270,2024-10-17T00:45:00+00:00,2024,under,2.3,0.5790256754281149,0.41025641025641024,0.33175905348466417,0.23902785595926027,38,NO_PROSPECTIVE_A1_EVIDENCE,0.031622259793653844,-1.0,0.2955200419177364,False,True,3,6b9a85b415d5f0f6
12117271,2024-10-17T00:45:00+00:00,2024,under,2.3,0.5744886083792844,0.41025641025641024,0.3213237992723541,0.2285926017469502,38,NO_PROSPECTIVE_A1_EVIDENCE,0.031622259793653844,1.2999999999999998,0.37847487885743436,True,True,3,6b9a85b415d5f0f6
12117267,2024-10-17T23:00:00+00:00,2024,under,2.25,0.5675091869787201,0.4178525226390685,0.2768956707021202,0.18574558616639905,38,NO_PROSPECTIVE_A1_EVIDENCE,0.031622259793653844,1.25,0.4355828220858895,True,True,3,6b9a85b415d5f0f6
12117269,2024-10-17T23:00:00+00:00,2024,under,2.075,0.5844594246177549,0.45423461336138876,0.21275330608184162,0.12713711701000976,38,NO_PROSPECTIVE_A1_EVIDENCE,0.031622259793653844,-1.0,0.03750000000000009,False,True,3,6b9a85b415d5f0f6
12117265,2024-10-19T00:30:00+00:00,2024,under,2.2,0.5904157639580998,0.4285714285714286,0.29891468070781957,0.20934570916178122,38,NO_PROSPECTIVE_A1_EVIDENCE,0.031622259793653844,1.2000000000000002,0.12894736842105248,True,True,3,6b9a85b415d5f0f6
12117264,2024-10-19T19:00:00+00:00,2024,under,2.1,0.5660212269293934,0.4473684210526316,0.18864457655172617,0.10223783098505314,38,NO_PROSPECTIVE_A1_EVIDENCE,0.031622259793653844,1.1,0.18286612522923762,True,True,3,6b9a85b415d5f0f6
12117266,2024-10-19T19:00:00+00:00,2024,under,2.15,0.5917343799113642,0.43673041655750594,0.27222891680943295,0.18424105825307738,38,NO_PROSPECTIVE_A1_EVIDENCE,0.031622259793653844,1.15,0.2516170763260026,True,True,3,6b9a85b415d5f0f6
12117276,2024-10-26T19:30:00+00:00,2024,under,2.2,0.5913972337041435,0.4285714285714286,0.3010739141491159,0.21150494260307753,38,NO_PROSPECTIVE_A1_EVIDENCE,0.031622259793653844,-1.0,0.4333976833976838,False,True,3,6b9a85b415d5f0f6
12117279,2024-10-26T19:30:00+00:00,2024,under,2.2,0.5631153970094257,0.4285714285714286,0.2388538734207366,0.14928490187469826,38,NO_PROSPECTIVE_A1_EVIDENCE,0.031622259793653844,-1.0,-0.08072445019404917,False,True,3,6b9a85b415d5f0f6
12117280,2024-10-26T22:00:00+00:00,2024,under,2.1,0.5891149511731517,0.4473684210526316,0.23714139746361873,0.1507346518969455,38,NO_PROSPECTIVE_A1_EVIDENCE,0.031622259793653844,1.1,0.1328947368421054,True,True,3,6b9a85b415d5f0f6
12117283,2024-10-27T00:00:00+00:00,2024,under,2.2,0.5918326950965295,0.4285714285714286,0.302031929212365,0.21246295766632642,38,NO_PROSPECTIVE_A1_EVIDENCE,0.031622259793653844,1.2000000000000002,0.3185411884723286,True,True,3,6b9a85b415d5f0f6
12117282,2024-10-28T22:00:00+00:00,2024,under,2.15,0.5904297901529525,0.43673041655750594,0.26942404882884774,0.18143619027249194,38,NO_PROSPECTIVE_A1_EVIDENCE,0.031622259793653844,1.15,0.4008204633204635,True,True,3,6b9a85b415d5f0f6
12117287,2024-11-02T00:00:00+00:00,2024,under,2.25,0.5809224857438727,0.4178525226390685,0.30707559292371367,0.21592550838799254,38,NO_PROSPECTIVE_A1_EVIDENCE,0.031622259793653844,-1.0,0.37299771167048057,False,True,3,6b9a85b415d5f0f6
12117291,2024-11-02T21:30:00+00:00,2024,under,2.2,0.590061625137678,0.4285714285714286,0.2981355753028918,0.20856660375685324,38,NO_PROSPECTIVE_A1_EVIDENCE,0.031622259793653844,-1.0,0.25714285714285734,False,True,3,6b9a85b415d5f0f6
12117293,2024-11-02T21:30:00+00:00,2024,under,2.25,0.5883015294534396,0.4178525226390685,0.32367844127023915,0.23252835673451802,38,NO_PROSPECTIVE_A1_EVIDENCE,0.031622259793653844,-1.0,0.2857142857142858,False,True,3,6b9a85b415d5f0f6
12117289,2024-11-04T23:00:00+00:00,2024,under,2.25,0.5859706552059453,0.4178525226390685,0.3184339742133768,0.2272838896776557,38,NO_PROSPECTIVE_A1_EVIDENCE,0.031622259793653844,1.25,0.2673565627456118,True,True,3,6b9a85b415d5f0f6
12117285,2024-11-07T00:00:00+00:00,2024,under,2.2,0.5901241379551305,0.4285714285714286,0.29827310350128733,0.20870413195524876,38,NO_PROSPECTIVE_A1_EVIDENCE,0.031622259793653844,1.2000000000000002,0.29743589743589727,True,True,3,6b9a85b415d5f0f6
12117294,2024-11-08T22:00:00+00:00,2024,under,2.3,0.5645190011414007,0.41025641025641024,0.2983937026252217,0.2056625050998178,38,NO_PROSPECTIVE_A1_EVIDENCE,0.031622259793653844,1.2999999999999998,0.2552603892688059,True,True,3,6b9a85b415d5f0f6
12117295,2024-11-09T22:00:00+00:00,2024,under,2.0,0.583057919917012,0.47368421052631576,0.1661158398340239,0.08287132024671619,38,NO_PROSPECTIVE_A1_EVIDENCE,0.031622259793653844,-1.0,0.09153077327722259,False,True,3,6b9a85b415d5f0f6
12117301,2024-11-09T22:00:00+00:00,2024,under,2.15,0.5582883654329264,0.43673041655750594,0.20031998568079157,0.11233212712443576,38,NO_PROSPECTIVE_A1_EVIDENCE,0.031622259793653844,-1.0,0.17339558127301413,False,True,3,6b9a85b415d5f0f6
12117302,2024-11-09T22:00:00+00:00,2024,under,2.2,0.5921597605228226,0.4285714285714286,0.3027514731502099,0.21318250160417132,38,NO_PROSPECTIVE_A1_EVIDENCE,0.031622259793653844,1.2000000000000002,0.18684210526315792,True,True,3,6b9a85b415d5f0f6
12117303,2024-11-09T22:00:00+00:00,2024,under,2.1,0.5921602178790448,0.4473684210526316,0.24353645754599418,0.15712971197932116,38,NO_PROSPECTIVE_A1_EVIDENCE,0.031622259793653844,-1.0,0.050000000000000044,False,True,3,6b9a85b415d5f0f6
12117300,2024-11-10T00:00:00+00:00,2024,under,2.2,0.5419457850101519,0.4285714285714286,0.19228072702233434,0.10271175547629575,38,NO_PROSPECTIVE_A1_EVIDENCE,0.031622259793653844,-1.0,0.21578947368421075,False,True,3,6b9a85b415d5f0f6
12117309,2024-11-20T14:00:00+00:00,2024,under,2.25,0.5733140805150497,0.4178525226390685,0.28995668115886186,0.19880659662314074,38,NO_PROSPECTIVE_A1_EVIDENCE,0.031622259793653844,-1.0,0.18421052631578938,False,True,3,6b9a85b415d5f0f6
12117313,2024-11-20T19:30:00+00:00,2024,under,2.15,0.5880230875757959,0.43673041655750594,0.2642496382879611,0.1762617797316053,38,NO_PROSPECTIVE_A1_EVIDENCE,0.031622259793653844,1.15,0.22857142857142865,True,True,3,6b9a85b415d5f0f6
12117306,2024-11-20T21:00:00+00:00,2024,under,2.1,0.5892295261031177,0.4473684210526316,0.23738200481654737,0.15097525924987412,38,NO_PROSPECTIVE_A1_EVIDENCE,0.031622259793653844,-1.0,-0.08286612522923753,False,True,3,6b9a85b415d5f0f6
12117308,2024-11-21T23:00:00+00:00,2024,under,2.25,0.5901986701878184,0.4178525226390685,0.32794700792259124,0.2367969233868701,38,NO_PROSPECTIVE_A1_EVIDENCE,0.031622259793653844,1.25,0.2673565627456118,True,True,3,6b9a85b415d5f0f6
12117322,2024-11-26T23:00:00+00:00,2024,under,2.15,0.5812327466932037,0.43673041655750594,0.24965040539038785,0.16166254683403206,38,NO_PROSPECTIVE_A1_EVIDENCE,0.031622259793653844,1.15,0.18815789473684208,True,True,3,6b9a85b415d5f0f6
12117325,2024-12-01T19:00:00+00:00,2024,under,2.25,0.5927596263881942,0.4178525226390685,0.3337091593734369,0.2425590748377158,38,NO_PROSPECTIVE_A1_EVIDENCE,0.031622259793653844,-1.0,0.2857142857142858,False,True,3,6b9a85b415d5f0f6
12117328,2024-12-01T19:00:00+00:00,2024,under,2.25,0.5920488422966355,0.4178525226390685,0.3321098951674297,0.2409598106317086,38,NO_PROSPECTIVE_A1_EVIDENCE,0.031622259793653844,-1.0,0.18421052631578938,False,True,3,6b9a85b415d5f0f6
12117340,2024-12-03T23:00:00+00:00,2024,under,2.05,0.5538042772800869,0.46052631578947373,0.13529876842417798,0.0504731358471875,38,NO_PROSPECTIVE_A1_EVIDENCE,0.031622259793653844,-1.0,-0.08289473684210535,False,True,3,6b9a85b415d5f0f6
12117339,2024-12-04T22:00:00+00:00,2024,under,2.1,0.586114461975008,0.4473684210526316,0.23084037014751702,0.14443362458084377,38,NO_PROSPECTIVE_A1_EVIDENCE,0.031622259793653844,1.1,0.33987730061349697,True,True,3,6b9a85b415d5f0f6
12117341,2024-12-04T23:00:00+00:00,2024,under,2.1,0.5475529591261773,0.4473684210526316,0.14986121416497244,0.06345446859829919,38,NO_PROSPECTIVE_A1_EVIDENCE,0.031622259793653844,-1.0,0.07763157894736827,False,True,3,6b9a85b415d5f0f6
12117335,2024-12-05T00:30:00+00:00,2024,under,2.075,0.5847708328021776,0.45423461336138876,0.21339947806451853,0.1277832889926869,38,NO_PROSPECTIVE_A1_EVIDENCE,0.031622259793653844,1.0750000000000002,0.09210526315789469,True,True,3,6b9a85b415d5f0f6
12117336,2024-12-05T00:30:00+00:00,2024,under,1.95,0.5883043268026298,0.48684210526315796,0.147193437265128,0.06553003066750308,38,NO_PROSPECTIVE_A1_EVIDENCE,0.031622259793653844,-1.0,0.0776315789473685,False,True,3,6b9a85b415d5f0f6
12117344,2024-12-05T00:30:00+00:00,2024,under,2.075,0.5752015555939014,0.45423461336138876,0.19354322785734546,0.10792703878551381,38,NO_PROSPECTIVE_A1_EVIDENCE,0.031622259793653844,-1.0,0.11940789473684221,False,True,3,6b9a85b415d5f0f6
12117348,2024-12-08T19:00:00+00:00,2024,under,2.15,0.5533294524104508,0.43673041655750594,0.1896583226824693,0.10167046412611348,38,NO_PROSPECTIVE_A1_EVIDENCE,0.031622259793653844,1.15,-0.1016170763260027,True,True,3,6b9a85b415d5f0f6
12117352,2024-12-08T19:00:00+00:00,2024,under,2.1,0.5793451404439116,0.4473684210526316,0.21662479493221443,0.1302180493655414,38,NO_PROSPECTIVE_A1_EVIDENCE,0.031622259793653844,-1.0,-0.06052631578947365,False,True,3,6b9a85b415d5f0f6
13473342,2025-03-31T23:00:00+00:00,2025,under,2.15,0.5705771587776123,0.43673041655750594,0.22674089137186626,0.12861989295021717,40,NO_PROSPECTIVE_A1_EVIDENCE,0.03633534810309273,-1.0,0.2110296044013622,False,True,4,a8b586b3421a94a6
13473356,2025-04-05T21:30:00+00:00,2025,under,2.15,0.5895801783126304,0.43673041655750594,0.26759738337215544,0.16947638495050613,40,NO_PROSPECTIVE_A1_EVIDENCE,0.03633534810309273,1.15,0.2885743432797756,True,True,4,a8b586b3421a94a6
13473348,2025-04-06T19:00:00+00:00,2025,under,2.2,0.5743207384867395,0.4285714285714286,0.26350562467082694,0.16356785884402306,40,NO_PROSPECTIVE_A1_EVIDENCE,0.03633534810309273,-1.0,0.3185411884723286,False,True,4,a8b586b3421a94a6
13473354,2025-04-06T21:30:00+00:00,2025,under,2.15,0.5523236693531,0.43673041655750594,0.18749588910916493,0.0893748906875156,40,NO_PROSPECTIVE_A1_EVIDENCE,0.03633534810309273,-1.0,0.2110296044013622,False,True,4,a8b586b3421a94a6
13473355,2025-04-06T21:30:00+00:00,2025,under,2.15,0.590100120361673,0.43673041655750594,0.26871525877759694,0.17059426035594763,40,NO_PROSPECTIVE_A1_EVIDENCE,0.03633534810309273,-1.0,0.34375,False,True,4,a8b586b3421a94a6
13473357,2025-04-06T21:30:00+00:00,2025,under,2.1,0.586114190206568,0.4473684210526316,0.23083979943379274,0.13453556841729822,40,NO_PROSPECTIVE_A1_EVIDENCE,0.03633534810309273,-1.0,0.3125,False,True,4,a8b586b3421a94a6
13473351,2025-04-06T23:30:00+00:00,2025,under,2.25,0.5881359905364631,0.4178525226390685,0.32330597870704203,0.22155144547508357,40,NO_PROSPECTIVE_A1_EVIDENCE,0.03633534810309273,-1.0,0.37299771167048057,False,True,4,a8b586b3421a94a6
13473362,2025-04-12T19:00:00+00:00,2025,under,2.075,0.579651746699108,0.45423461336138876,0.20277737440064914,0.107381527086732,40,NO_PROSPECTIVE_A1_EVIDENCE,0.03633534810309273,1.0750000000000002,0.18571428571428594,True,True,4,a8b586b3421a94a6
13473361,2025-04-13T20:30:00+00:00,2025,under,2.1,0.5750805659684912,0.4473684210526316,0.20766918853383154,0.11136495751733701,40,NO_PROSPECTIVE_A1_EVIDENCE,0.03633534810309273,1.1,0.33987730061349697,True,True,4,a8b586b3421a94a6
13473358,2025-04-13T22:30:00+00:00,2025,under,2.2,0.5564182456627726,0.4285714285714286,0.22412014045809991,0.12418237463129601,40,NO_PROSPECTIVE_A1_EVIDENCE,0.03633534810309273,1.2000000000000002,0.40368098159509214,True,True,4,a8b586b3421a94a6
13473366,2025-04-13T23:00:00+00:00,2025,under,2.25,0.5872420598702508,0.4178525226390685,0.3212946347080643,0.21954010147610584,40,NO_PROSPECTIVE_A1_EVIDENCE,0.03633534810309273,1.25,0.30983182406209564,True,True,4,a8b586b3421a94a6
13473363,2025-04-13T23:30:00+00:00,2025,under,2.15,0.5874155141379405,0.43673041655750594,0.2629433553965719,0.16482235697492278,40,NO_PROSPECTIVE_A1_EVIDENCE,0.03633534810309273,-1.0,0.22857142857142865,False,True,4,a8b586b3421a94a6
13473372,2025-04-16T22:00:00+00:00,2025,under,2.15,0.5852434006901623,0.43673041655750594,0.2582733114838489,0.16015231306219982,40,NO_PROSPECTIVE_A1_EVIDENCE,0.03633534810309273,-1.0,0.3119755911517925,False,True,4,a8b586b3421a94a6
13473377,2025-04-16T22:00:00+00:00,2025,under,2.15,0.5868798659127504,0.43673041655750594,0.26179171171241333,0.16367071329076402,40,NO_PROSPECTIVE_A1_EVIDENCE,0.03633534810309273,1.15,0.2110296044013622,True,True,4,a8b586b3421a94a6
13473373,2025-04-18T00:30:00+00:00,2025,under,2.15,0.581840413989853,0.43673041655750594,0.2509568900781838,0.1528358916565347,40,NO_PROSPECTIVE_A1_EVIDENCE,0.03633534810309273,-1.0,0.2516170763260026,False,True,4,a8b586b3421a94a6
13473384,2025-04-20T00:00:00+00:00,2025,under,2.25,0.5882234788841372,0.4178525226390685,0.3235028274893086,0.22174829425735013,40,NO_PROSPECTIVE_A1_EVIDENCE,0.03633534810309273,1.25,0.40625,True,True,4,a8b586b3421a94a6
13473387,2025-04-20T14:00:00+00:00,2025,under,2.2,0.588285576494897,0.4285714285714286,0.2942282682887736,0.19429050246196947,40,NO_PROSPECTIVE_A1_EVIDENCE,0.03633534810309273,-1.0,0.2807244501940491,False,True,4,a8b586b3421a94a6
13473381,2025-04-20T19:00:00+00:00,2025,under,2.4,0.557760588307991,0.3897787948131198,0.3386254119391785,0.23142057649175587,40,NO_PROSPECTIVE_A1_EVIDENCE,0.03633534810309273,-1.0,0.5637065637065639,False,True,4,a8b586b3421a94a6
13473397,2025-04-26T23:00:00+00:00,2025,under,2.2,0.587814273043054,0.4285714285714286,0.29319140069471894,0.19325363486791505,40,NO_PROSPECTIVE_A1_EVIDENCE,0.03633534810309273,1.2000000000000002,0.3185411884723286,True,True,4,a8b586b3421a94a6
13473389,2025-04-27T00:00:00+00:00,2025,under,2.15,0.5603325295157333,0.43673041655750594,0.2047149384588265,0.10659394003717738,40,NO_PROSPECTIVE_A1_EVIDENCE,0.03633534810309273,1.15,0.3119755911517925,True,True,4,a8b586b3421a94a6
13473395,2025-04-27T21:30:00+00:00,2025,under,2.35,0.5694429197282964,0.4006630961489415,0.33819086136149656,0.23280279331922873,40,NO_PROSPECTIVE_A1_EVIDENCE,0.03633534810309273,1.35,0.4340198321891686,True,True,4,a8b586b3421a94a6
13473400,2025-05-03T21:30:00+00:00,2025,under,2.1,0.5891357697961123,0.4473684210526316,0.23718511657183572,0.1408808855553412,40,NO_PROSPECTIVE_A1_EVIDENCE,0.03633534810309273,-1.0,0.3125,False,True,4,a8b586b3421a94a6
13473406,2025-05-03T21:30:00+00:00,2025,under,2.075,0.5909238903148529,0.45423461336138876,0.22616707240332,0.13077122508940267,40,NO_PROSPECTIVE_A1_EVIDENCE,0.03633534810309273,1.0750000000000002,0.3954678362573103,True,True,4,a8b586b3421a94a6
13473399,2025-05-04T19:00:00+00:00,2025,under,2.25,0.5879022684613073,0.4178525226390685,0.32278010403794144,0.22102557080598298,40,NO_PROSPECTIVE_A1_EVIDENCE,0.03633534810309273,1.25,0.2673565627456118,True,True,4,a8b586b3421a94a6
13473404,2025-05-04T19:00:00+00:00,2025,under,2.1,0.5732750100169248,0.4473684210526316,0.20387752103554213,0.1075732900190476,40,NO_PROSPECTIVE_A1_EVIDENCE,0.03633534810309273,1.1,0.25860749808722283,True,True,4,a8b586b3421a94a6
13473402,2025-05-05T22:00:00+00:00,2025,under,2.05,0.5760708446793912,0.46052631578947373,0.18094523159275178,0.08645776798141182,40,NO_PROSPECTIVE_A1_EVIDENCE,0.03633534810309273,1.0499999999999998,0.13289473684210518,True,True,4,a8b586b3421a94a6
13473407,2025-05-05T23:00:00+00:00,2025,under,2.1,0.5870645589984052,0.4473684210526316,0.23283557389665077,0.13653134288015625,40,NO_PROSPECTIVE_A1_EVIDENCE,0.03633534810309273,1.1,0.23846153846153828,True,True,4,a8b586b3421a94a6
13473414,2025-05-10T21:30:00+00:00,2025,under,2.0,0.5912571644556841,0.47368421052631576,0.1825143289113682,0.08984363270518282,40,NO_PROSPECTIVE_A1_EVIDENCE,0.03633534810309273,1.0,0.16429495472186284,True,True,4,a8b586b3421a94a6
13473415,2025-05-10T21:30:00+00:00,2025,under,2.1,0.578400320265185,0.4473684210526316,0.21464067255688835,0.11833644154039381,40,NO_PROSPECTIVE_A1_EVIDENCE,0.03633534810309273,-1.0,0.20000000000000018,False,True,4,a8b586b3421a94a6
13473408,2025-05-11T00:00:00+00:00,2025,under,2.4,0.5293539826175693,0.3897787948131198,0.2704495582821662,0.1632447228347436,40,NO_PROSPECTIVE_A1_EVIDENCE,0.03633534810309273,1.4,0.23157894736842088,True,True,4,a8b586b3421a94a6
13473409,2025-05-11T23:00:00+00:00,2025,under,2.3,0.5767714939008649,0.41025641025641024,0.3265744359719891,0.22300313533487606,40,NO_PROSPECTIVE_A1_EVIDENCE,0.03633534810309273,-1.0,0.2552603892688059,False,True,4,a8b586b3421a94a6
13473426,2025-05-17T19:00:00+00:00,2025,under,2.4,0.5645471488913293,0.3897787948131198,0.35491315733919016,0.24770832189176775,40,NO_PROSPECTIVE_A1_EVIDENCE,0.03633534810309273,1.4,0.46453089244851253,True,True,4,a8b586b3421a94a6
13473425,2025-05-18T19:00:00+00:00,2025,under,2.1,0.5845996897932686,0.4473684210526316,0.227659348565864,0.1313551175493695,40,NO_PROSPECTIVE_A1_EVIDENCE,0.03633534810309273,-1.0,0.25860749808722283,False,True,4,a8b586b3421a94a6
13473427,2025-05-18T19:00:00+00:00,2025,under,2.1,0.5916819709888087,0.4473684210526316,0.2425321390764983,0.14622790806000377,40,NO_PROSPECTIVE_A1_EVIDENCE,0.03633534810309273,1.1,0.23846153846153828,True,True,4,a8b586b3421a94a6
13473422,2025-05-18T21:30:00+00:00,2025,under,2.25,0.5916224202401604,0.4178525226390685,0.3311504455403609,0.22939591230840242,40,NO_PROSPECTIVE_A1_EVIDENCE,0.03633534810309273,-1.0,0.32692307692307665,False,True,4,a8b586b3421a94a6
13473424,2025-05-18T23:30:00+00:00,2025,under,2.075,0.5657105603332472,0.45423461336138876,0.17384941269148801,0.07845356537757066,40,NO_PROSPECTIVE_A1_EVIDENCE,0.03633534810309273,1.0750000000000002,0.13246317727511858,True,True,4,a8b586b3421a94a6
13473434,2025-05-25T00:00:00+00:00,2025,under,2.05,0.5917687400695564,0.46052631578947373,0.21312591714259055,0.11863845353125037,40,NO_PROSPECTIVE_A1_EVIDENCE,0.03633534810309273,1.0499999999999998,0.19340232858990936,True,True,4,a8b586b3421a94a6
13473435,2025-05-25T14:00:00+00:00,2025,under,2.25,0.5889740263350003,0.4178525226390685,0.32519155925375065,0.2234370260217922,40,NO_PROSPECTIVE_A1_EVIDENCE,0.03633534810309273,1.25,0.24342105263157898,True,True,4,a8b586b3421a94a6
13473438,2025-05-25T19:00:00+00:00,2025,under,2.1,0.5841319339106034,0.4473684210526316,0.22667706121226705,0.13037283019577253,40,NO_PROSPECTIVE_A1_EVIDENCE,0.03633534810309273,1.1,0.25860749808722283,True,True,4,a8b586b3421a94a6
13473436,2025-05-25T21:30:00+00:00,2025,under,2.4,0.5551630510513118,0.3897787948131198,0.3323913225231483,0.2251864870757259,40,NO_PROSPECTIVE_A1_EVIDENCE,0.03633534810309273,1.4,0.46453089244851253,True,True,4,a8b586b3421a94a6
13472692,2025-06-01T14:00:00+00:00,2025,under,2.3,0.5388519610960227,0.41025641025641024,0.23935951052085214,0.1446069883440473,40,NO_PROSPECTIVE_A1_EVIDENCE,0.03250109659861083,1.2999999999999998,0.3142857142857143,True,True,5,6b9a85b415d5f0f6
13472712,2025-06-01T19:00:00+00:00,2025,under,2.0,0.5950184188019995,0.47368421052631576,0.19003683760399892,0.10503464440677736,40,NO_PROSPECTIVE_A1_EVIDENCE,0.03250109659861083,1.0,0.16429495472186284,True,True,5,6b9a85b415d5f0f6
13472684,2025-06-01T21:30:00+00:00,2025,under,2.25,0.5612447715279352,0.4178525226390685,0.26280073593785414,0.1696732685909799,40,NO_PROSPECTIVE_A1_EVIDENCE,0.03250109659861083,1.25,0.46597490347490367,True,True,5,6b9a85b415d5f0f6
13472696,2025-06-01T22:30:00+00:00,2025,under,2.25,0.5957014470793003,0.4178525226390685,0.3403282559284255,0.2472007885815515,40,NO_PROSPECTIVE_A1_EVIDENCE,0.03250109659861083,-1.0,0.40625,False,True,5,6b9a85b415d5f0f6
13788130,2025-06-04T23:00:00+00:00,2025,under,2.15,0.5314039512203769,0.43673041655750594,0.14251849512381032,0.052641137436797006,40,NO_PROSPECTIVE_A1_EVIDENCE,0.03250109659861083,-1.0,0.22857142857142865,False,True,5,6b9a85b415d5f0f6
13472733,2025-06-12T22:00:00+00:00,2025,under,2.25,0.5837761561299559,0.4178525226390685,0.3134963512924007,0.2203688839455267,40,NO_PROSPECTIVE_A1_EVIDENCE,0.03250109659861083,-1.0,0.30983182406209564,False,True,5,6b9a85b415d5f0f6
13472782,2025-07-12T19:30:00+00:00,2025,under,2.25,0.5661604328093319,0.4178525226390685,0.2738609738209967,0.1807335064741227,40,NO_PROSPECTIVE_A1_EVIDENCE,0.03250109659861083,1.25,0.2857142857142858,True,True,5,6b9a85b415d5f0f6
13472778,2025-07-13T23:30:00+00:00,2025,under,2.3,0.5616370287903085,0.41025641025641024,0.2917651662177094,0.19701264404090482,40,NO_PROSPECTIVE_A1_EVIDENCE,0.03250109659861083,-1.0,0.2955200419177364,False,True,5,6b9a85b415d5f0f6
13472794,2025-07-14T23:00:00+00:00,2025,under,2.25,0.5807132487721661,0.4178525226390685,0.3066048097373737,0.21347734239049945,40,NO_PROSPECTIVE_A1_EVIDENCE,0.03250109659861083,1.25,0.40625,True,True,5,6b9a85b415d5f0f6
13472807,2025-07-16T22:00:00+00:00,2025,under,2.1,0.5605150329075207,0.4473684210526316,0.17708156910579342,0.08882926624871092,40,NO_PROSPECTIVE_A1_EVIDENCE,0.03250109659861083,1.1,0.10526315789473673,True,True,5,6b9a85b415d5f0f6
13472811,2025-07-16T23:00:00+00:00,2025,under,2.075,0.568988959926503,0.45423461336138876,0.18065209184749387,0.09321231640537643,40,NO_PROSPECTIVE_A1_EVIDENCE,0.03250109659861083,1.0750000000000002,0.24362407549094622,True,True,5,6b9a85b415d5f0f6
13472851,2025-07-20T14:00:00+00:00,2025,under,2.3,0.5663258030411688,0.41025641025641024,0.30254934699468805,0.20779682481788322,40,NO_PROSPECTIVE_A1_EVIDENCE,0.03250109659861083,1.2999999999999998,0.3142857142857143,True,True,5,6b9a85b415d5f0f6
13472866,2025-07-26T21:30:00+00:00,2025,under,2.4,0.5478644265640586,0.3897787948131198,0.31487462375374076,0.21687199191707476,40,NO_PROSPECTIVE_A1_EVIDENCE,0.03250109659861083,1.4,0.46453089244851253,True,True,5,6b9a85b415d5f0f6
13472823,2025-07-29T23:30:00+00:00,2025,under,2.075,0.5812685796825737,0.45423461336138876,0.20613230284134065,0.11869252739922322,40,NO_PROSPECTIVE_A1_EVIDENCE,0.03250109659861083,-1.0,0.14671052631578974,False,True,5,6b9a85b415d5f0f6
13472877,2025-08-03T19:00:00+00:00,2025,under,2.35,0.5654113166997137,0.4006630961489415,0.3287165942443271,0.2323390172375919,40,NO_PROSPECTIVE_A1_EVIDENCE,0.03250109659861083,1.35,0.4340198321891686,True,True,5,6b9a85b415d5f0f6
13472893,2025-08-10T00:00:00+00:00,2025,under,2.35,0.57267502610051,0.4006630961489415,0.3457863113361985,0.24940873432946334,40,NO_PROSPECTIVE_A1_EVIDENCE,0.03250109659861083,-1.0,0.3428571428571432,False,True,5,6b9a85b415d5f0f6
13472891,2025-08-10T21:30:00+00:00,2025,under,2.3,0.5260923222031639,0.41025641025641024,0.21001234106727695,0.11525981889047211,40,NO_PROSPECTIVE_A1_EVIDENCE,0.03250109659861083,-1.0,0.11973684210526314,False,True,5,6b9a85b415d5f0f6
13472892,2025-08-10T23:30:00+00:00,2025,under,2.25,0.5481399064211968,0.4178525226390685,0.2333147894476928,0.14018732210081855,40,NO_PROSPECTIVE_A1_EVIDENCE,0.03250109659861083,1.25,0.30983182406209564,True,True,5,6b9a85b415d5f0f6
13472902,2025-08-17T19:00:00+00:00,2025,under,2.1,0.5704282875514115,0.4473684210526316,0.19789940385796423,0.1096471010008815,40,NO_PROSPECTIVE_A1_EVIDENCE,0.03250109659861083,-1.0,0.16052631578947385,False,True,5,6b9a85b415d5f0f6
13472701,2025-08-30T19:00:00+00:00,2025,under,2.075,0.5647349881343535,0.45423461336138876,0.17182510037878362,0.08877773290688619,40,NO_PROSPECTIVE_A1_EVIDENCE,0.03520355058886628,1.0750000000000002,0.20795601552393284,True,True,6,2801dad468705999
13472695,2025-08-31T00:00:00+00:00,2025,under,2.25,0.5647880633663571,0.4178525226390685,0.2707731425743036,0.18156515374935434,40,NO_PROSPECTIVE_A1_EVIDENCE,0.03520355058886628,1.25,0.40625,True,True,6,2801dad468705999
13472693,2025-08-31T21:30:00+00:00,2025,under,2.25,0.5776837354531327,0.4178525226390685,0.2997884047695485,0.21058041594459942,40,NO_PROSPECTIVE_A1_EVIDENCE,0.03520355058886628,-1.0,0.24342105263157898,False,True,6,2801dad468705999
13472697,2025-08-31T23:30:00+00:00,2025,under,2.05,0.5555916486171202,0.46052631578947373,0.13896287966509635,0.056795600957920474,40,NO_PROSPECTIVE_A1_EVIDENCE,0.03520355058886628,-1.0,0.07894736842105243,False,True,6,2801dad468705999
13472717,2025-09-13T19:00:00+00:00,2025,under,2.15,0.5867653398231552,0.43673041655750594,0.26154548061978344,0.17585784685372108,40,NO_PROSPECTIVE_A1_EVIDENCE,0.03520355058886628,1.15,0.26794871794871766,True,True,6,2801dad468705999
13472721,2025-09-13T19:00:00+00:00,2025,under,2.2,0.5831670698365948,0.4285714285714286,0.28296755364050874,0.19551974234500302,40,NO_PROSPECTIVE_A1_EVIDENCE,0.03520355058886628,1.2000000000000002,0.23919308357348723,True,True,6,2801dad468705999
13472713,2025-09-14T14:00:00+00:00,2025,under,2.15,0.5576412254580784,0.43673041655750594,0.19892863473486844,0.11324100096880609,40,NO_PROSPECTIVE_A1_EVIDENCE,0.03520355058886628,1.15,0.13157894736842102,True,True,6,2801dad468705999
13472726,2025-09-20T21:30:00+00:00,2025,under,2.4,0.5182972236376091,0.3897787948131198,0.24391333673026172,0.14942481531698282,40,NO_PROSPECTIVE_A1_EVIDENCE,0.03520355058886628,1.4,0.4384085692425401,True,True,6,2801dad468705999
13472735,2025-09-21T20:30:00+00:00,2025,under,2.35,0.5695306924434151,0.4006630961489415,0.33839712724202564,0.24566878335818987,40,NO_PROSPECTIVE_A1_EVIDENCE,0.03520355058886628,-1.0,0.3236835210898612,False,True,6,2801dad468705999
14543946,2025-09-24T22:30:00+00:00,2025,under,2.25,0.5854626756813389,0.4178525226390685,0.3172910202830126,0.22808303145806352,40,NO_PROSPECTIVE_A1_EVIDENCE,0.03520355058886628,-1.0,0.22797211993687538,False,True,6,2801dad468705999
13472759,2025-09-27T19:00:00+00:00,2025,under,2.25,0.5608978862090173,0.4178525226390685,0.2620202439702888,0.1728122551453397,40,NO_PROSPECTIVE_A1_EVIDENCE,0.03520355058886628,1.25,0.18421052631578938,True,True,6,2801dad468705999
13472753,2025-09-28T00:00:00+00:00,2025,under,2.25,0.5829238222801902,0.4178525226390685,0.31157860013042793,0.22237061130547886,40,NO_PROSPECTIVE_A1_EVIDENCE,0.03520355058886628,1.25,0.32692307692307665,True,True,6,2801dad468705999
13472751,2025-09-28T21:30:00+00:00,2025,under,2.15,0.5713078290190072,0.43673041655750594,0.2283118323908655,0.14262419862480313,40,NO_PROSPECTIVE_A1_EVIDENCE,0.03520355058886628,-1.0,0.26794871794871766,False,True,6,2801dad468705999
13472747,2025-09-28T23:30:00+00:00,2025,under,2.2,0.5790773863069218,0.4285714285714286,0.2739702498752281,0.1865224385797224,40,NO_PROSPECTIVE_A1_EVIDENCE,0.03520355058886628,-1.0,0.40368098159509214,False,True,6,2801dad468705999
13472749,2025-09-29T23:00:00+00:00,2025,under,2.4,0.5500960031557691,0.3897787948131198,0.3202304075738458,0.2257418861605669,40,NO_PROSPECTIVE_A1_EVIDENCE,0.03520355058886628,1.4,0.531288343558282,True,True,6,2801dad468705999
13472773,2025-10-01T22:30:00+00:00,2025,under,2.25,0.5805617103123136,0.4178525226390685,0.3062638482027056,0.2170558593777565,40,NO_PROSPECTIVE_A1_EVIDENCE,0.03520355058886628,1.25,0.4355828220858895,True,True,6,2801dad468705999
13472764,2025-10-02T00:30:00+00:00,2025,under,2.25,0.5582549912137468,0.4178525226390685,0.25607373023093016,0.1668657414059811,40,NO_PROSPECTIVE_A1_EVIDENCE,0.03520355058886628,-1.0,0.22797211993687538,False,True,6,2801dad468705999
13472777,2025-10-02T22:30:00+00:00,2025,under,2.2,0.5848189518509754,0.4285714285714286,0.2866016940721461,0.19915388277664037,40,NO_PROSPECTIVE_A1_EVIDENCE,0.03520355058886628,1.2000000000000002,0.375,True,True,6,2801dad468705999
13472763,2025-10-02T23:30:00+00:00,2025,under,2.2,0.5552728664274758,0.4285714285714286,0.2216003061404468,0.13415249484494107,40,NO_PROSPECTIVE_A1_EVIDENCE,0.03520355058886628,1.2000000000000002,0.18684210526315792,True,True,6,2801dad468705999
13472789,2025-10-04T21:30:00+00:00,2025,under,2.15,0.5842887635207661,0.43673041655750594,0.256220841569647,0.1705332078035846,40,NO_PROSPECTIVE_A1_EVIDENCE,0.03520355058886628,1.15,0.18815789473684208,True,True,6,2801dad468705999
13472793,2025-10-04T21:30:00+00:00,2025,under,2.25,0.5845065455813729,0.4178525226390685,0.31513972755808917,0.2259317387331401,40,NO_PROSPECTIVE_A1_EVIDENCE,0.03520355058886628,1.25,0.2673565627456118,True,True,6,2801dad468705999
14689178,2025-10-08T22:00:00+00:00,2025,under,2.35,0.5604160919285948,0.4006630961489415,0.31697781603219766,0.2242494721483621,40,NO_PROSPECTIVE_A1_EVIDENCE,0.03520355058886628,-1.0,0.23684210526315796,False,True,6,2801dad468705999
14689171,2025-10-09T00:00:00+00:00,2025,under,2.15,0.5699719926852621,0.43673041655750594,0.22543978427331357,0.13975215050725098,40,NO_PROSPECTIVE_A1_EVIDENCE,0.03520355058886628,-1.0,0.2885743432797756,False,True,6,2801dad468705999
14693875,2025-10-11T22:00:00+00:00,2025,over,2.35,0.5559890683004656,0.4006630961489415,0.30657431050609407,0.21384596662225852,40,NO_PROSPECTIVE_A1_EVIDENCE,0.035203550588866234,1.35,0.2986842105263159,True,True,6,2801dad468705999
13472802,2025-10-15T22:30:00+00:00,2025,under,2.25,0.5844393614814766,0.4178525226390685,0.31498856333332226,0.2257805745083732,40,NO_PROSPECTIVE_A1_EVIDENCE,0.03520355058886628,-1.0,0.30983182406209564,False,True,6,2801dad468705999
13472809,2025-10-15T23:00:00+00:00,2025,under,2.1,0.5630408248253148,0.4473684210526316,0.18238573213316123,0.098458275896542,40,NO_PROSPECTIVE_A1_EVIDENCE,0.03520355058886628,-1.0,0.18286612522923762,False,True,6,2801dad468705999
13472827,2025-10-19T21:30:00+00:00,2025,under,2.35,0.5548451434930042,0.4006630961489415,0.3038860872085598,0.21115774332472403,40,NO_PROSPECTIVE_A1_EVIDENCE,0.03520355058886628,-1.0,0.3428571428571432,False,True,6,2801dad468705999
13472834,2025-10-20T22:00:00+00:00,2025,under,2.25,0.5827820253949791,0.4178525226390685,0.3112595571387031,0.22205156831375406,40,NO_PROSPECTIVE_A1_EVIDENCE,0.03520355058886628,1.25,0.2857142857142858,True,True,6,2801dad468705999
13472846,2025-10-25T19:00:00+00:00,2025,under,2.25,0.5827875074771037,0.4178525226390685,0.31127189182348336,0.2220639029985343,40,NO_PROSPECTIVE_A1_EVIDENCE,0.03520355058886628,1.25,0.37299771167048057,True,True,6,2801dad468705999
13472665,2025-11-02T00:00:00+00:00,2025,over,2.05,0.5840238577639691,0.46052631578947373,0.19724890841613663,0.11405667061182469,40,NO_PROSPECTIVE_A1_EVIDENCE,0.030825481855761994,1.0499999999999998,0.20897435897435868,True,True,7,f4a644c8c796624d
13472748,2025-11-09T19:00:00+00:00,2025,over,2.5,0.4494310941794674,0.375,0.12357773544866846,0.02651403080926353,21,NO_PROSPECTIVE_A1_EVIDENCE,0.030825481855761994,-1.0,0.02564102564102555,False,True,7,f4a644c8c796624d
13472740,2025-11-09T21:30:00+00:00,2025,over,2.075,0.5440937416433268,0.45423461336138876,0.12899451390990313,0.04503163905919717,36,NO_PROSPECTIVE_A1_EVIDENCE,0.030825481855761994,1.0750000000000002,0.06480263157894739,True,True,7,f4a644c8c796624d
15235527,2026-04-26T23:30:00+00:00,2026,over,2.1,0.5712968152204414,0.4473684210526316,0.19972331196292692,0.09954266853456263,40,NO_PROSPECTIVE_A1_EVIDENCE,0.038181258775411585,1.1,0.18286612522923762,True,True,9,b510955f5287c0f0
15235574,2026-05-24T19:00:00+00:00,2026,over,2.1,0.5326433657134835,0.4473684210526316,0.11855106799831527,0.01837042456995099,15,NO_PROSPECTIVE_A1_EVIDENCE,0.038181258775411585,1.1,0.25860749808722283,True,True,9,b510955f5287c0f0
