event_id,kickoff_at,season,side,odd,model_probability,market_probability_devig,gross_ev,won,profit,clv
10113678,2022-04-09T19:30:00+00:00,2022,under,1.5,0.6256168172992368,0.6212121212121213,-0.061574774051144754,True,0.5,
10114121,2022-04-09T22:00:00+00:00,2022,under,1.69,0.631130215858497,0.552910052910053,0.06661006480086007,True,0.69,
10113769,2022-04-10T00:00:00+00:00,2022,under,1.78,0.6158404812649334,0.5240641711229946,0.09619605665158137,False,-1.0,
10113772,2022-04-10T14:00:00+00:00,2022,under,1.55,0.6240202840923006,0.6015424164524421,-0.03276855965693404,False,-1.0,
10113936,2022-04-10T19:00:00+00:00,2022,under,1.93,0.5647234641175203,0.4853333333333334,0.0899162857468141,True,0.9299999999999999,
10114016,2022-04-10T19:00:00+00:00,2022,under,1.49,0.6275734928698671,0.6275,-0.06491549562389809,False,-1.0,
10113771,2022-04-10T21:00:00+00:00,2022,over,2.51,0.37370085838616596,0.37250000000000005,-0.06201084545072355,False,-1.0,
10114108,2022-04-10T22:00:00+00:00,2022,over,2.73,0.3700156864139366,0.34057971014492755,0.01014282391004695,False,-1.0,
10113978,2022-04-10T22:00:00+00:00,2022,under,1.67,0.6195162699436431,0.5605263157894737,0.03459217080588384,False,-1.0,
10113910,2022-04-11T23:00:00+00:00,2022,under,1.52,0.6264350409068118,0.6112531969309463,-0.04781873782164603,False,-1.0,
10114032,2022-04-16T19:30:00+00:00,2022,under,1.69,0.6303571195090195,0.5517241379310345,0.06530353197024286,True,0.69,
10114079,2022-04-16T22:00:00+00:00,2022,over,2.71,0.3918094564460076,0.34382566585956414,0.06180362696868058,True,1.71,
10113957,2022-04-16T22:00:00+00:00,2022,under,1.57,0.6193142922987191,0.5932642487046632,-0.02767656109101091,False,-1.0,
10113748,2022-04-17T00:00:00+00:00,2022,over,2.77,0.373781285272644,0.33573141486810554,0.03537416020522377,False,-1.0,
10113993,2022-04-17T14:00:00+00:00,2022,under,1.62,0.6226694986995778,0.5748031496062992,0.008724587893315983,False,-1.0,
10114134,2022-04-17T19:00:00+00:00,2022,under,1.81,0.5975908392479383,0.5173333333333333,0.08163941903876837,False,-1.0,
10114170,2022-04-17T21:00:00+00:00,2022,under,1.54,0.6245226852100912,0.6051282051282051,-0.03823506477645944,True,0.54,
10113684,2022-04-17T21:00:00+00:00,2022,under,1.57,0.6236354288483194,0.5932642487046632,-0.020892376708138594,False,-1.0,
10113679,2022-04-17T21:00:00+00:00,2022,under,1.62,0.6281616660415603,0.5748031496062992,0.0176218989873278,False,-1.0,
10113921,2022-04-17T22:00:00+00:00,2022,under,1.66,0.6212971623518534,0.5620052770448549,0.031353289504076676,False,-1.0,
10114005,2022-04-20T22:30:00+00:00,2022,under,1.87,0.5980730841325811,0.49865951742627346,0.11839666732792664,True,0.8700000000000001,
10114152,2022-04-23T19:30:00+00:00,2022,under,1.76,0.6192847601475204,0.5319148936170213,0.08994117785963596,True,0.76,
10114132,2022-04-23T19:30:00+00:00,2022,under,1.62,0.6128537038619746,0.577023498694517,-0.007176999743601087,True,0.6200000000000001,
10113770,2022-04-23T22:00:00+00:00,2022,over,2.43,0.3922461559981601,0.383248730964467,-0.04684184092447086,False,-1.0,
10114033,2022-04-23T22:00:00+00:00,2022,under,1.6,0.6202501947115343,0.5833333333333334,-0.007599688461545018,False,-1.0,
10113946,2022-04-24T00:00:00+00:00,2022,under,2.04,0.5621938869863861,0.4588859416445623,0.14687552945222748,False,-1.0,
10113675,2022-04-24T19:00:00+00:00,2022,under,1.51,0.6208463153713618,0.6157760814249365,-0.06252206378924363,False,-1.0,
10114149,2022-04-24T21:00:00+00:00,2022,over,2.75,0.3808749967038892,0.3373493975903614,0.04740624093569523,False,-1.0,
10113676,2022-04-24T21:30:00+00:00,2022,under,1.69,0.6160122847735412,0.552910052910053,0.04106076126728464,True,0.69,
10113949,2022-04-25T23:00:00+00:00,2022,over,2.75,0.3868974672254691,0.3373493975903614,0.06396803487003999,True,1.75,
10113677,2022-04-30T19:30:00+00:00,2022,over,2.27,0.41373019175700154,0.4103896103896104,-0.060832464711606526,False,-1.0,
10113886,2022-04-30T19:30:00+00:00,2022,under,1.64,0.6188642367326718,0.5695538057742782,0.01493734824158155,True,0.6399999999999999,
10114055,2022-04-30T21:30:00+00:00,2022,under,1.75,0.6157679335306128,0.5345744680851063,0.07759388367857234,False,-1.0,
10114051,2022-04-30T22:00:00+00:00,2022,over,2.6,0.3799609728437032,0.35802469135802467,-0.012101470606371567,False,-1.0,
10113958,2022-05-01T14:00:00+00:00,2022,under,1.6,0.6072818184661257,0.5833333333333334,-0.028349090454198755,True,0.6000000000000001,
10113743,2022-05-01T19:00:00+00:00,2022,over,2.28,0.42106310313967676,0.4093264248704664,-0.03997612484153701,False,-1.0,
10113672,2022-05-01T19:00:00+00:00,2022,over,2.46,0.3829107826476509,0.37878787878787873,-0.058039474686778836,True,1.46,
10114146,2022-05-01T22:00:00+00:00,2022,under,1.63,0.6200229928646379,0.5732984293193717,0.010637478369359687,True,0.6299999999999999,
10113749,2022-05-02T23:00:00+00:00,2022,under,1.6,0.6191611630310335,0.5833333333333334,-0.009342139150346318,False,-1.0,
10114076,2022-05-07T19:30:00+00:00,2022,under,1.89,0.5825136889133231,0.4960000000000001,0.1009508720461807,False,-1.0,
10114013,2022-05-07T23:30:00+00:00,2022,under,1.6,0.621263245140333,0.5833333333333334,-0.00597880777546711,True,0.6000000000000001,
10113939,2022-05-08T14:00:00+00:00,2022,under,2.04,0.596557111923218,0.45744680851063824,0.2169765083233648,True,1.04,
10113768,2022-05-08T19:00:00+00:00,2022,under,1.59,0.6112310022689795,0.587012987012987,-0.028142706392322525,True,0.5900000000000001,
10114059,2022-05-08T19:00:00+00:00,2022,under,1.85,0.5981202134564809,0.5066666666666666,0.10652239489448978,True,0.8500000000000001,
10113673,2022-05-08T21:00:00+00:00,2022,under,1.59,0.6197507414726616,0.587012987012987,-0.014596321058467976,True,0.5900000000000001,
10113742,2022-05-08T21:00:00+00:00,2022,over,2.58,0.389729762936494,0.3613861386138614,0.005502788376154477,True,1.58,
10114015,2022-05-08T22:00:00+00:00,2022,under,1.5,0.6244590147709858,0.6212121212121213,-0.06331147784352131,True,0.5,
10113674,2022-05-08T22:00:00+00:00,2022,over,2.63,0.3783536980620312,0.35539215686274506,-0.0049297740968580195,False,-1.0,
10114164,2022-05-09T23:00:00+00:00,2022,under,1.55,0.619285150216715,0.6015424164524421,-0.040108017164091625,False,-1.0,
10114053,2022-05-11T23:30:00+00:00,2022,under,1.55,0.6244789429305653,0.6005154639175259,-0.03205763845762377,True,0.55,
10114087,2022-05-14T19:30:00+00:00,2022,under,1.75,0.624458496553254,0.5345744680851063,0.09280236896819449,False,-1.0,
10114177,2022-05-14T19:30:00+00:00,2022,under,2.18,0.6111268449177055,0.42782152230971127,0.3322565219205982,True,1.1800000000000002,
10114081,2022-05-14T22:00:00+00:00,2022,under,2.3,0.5821905100584348,0.40568475452196384,0.3390381731343999,True,1.2999999999999998,
10114045,2022-05-14T22:00:00+00:00,2022,under,1.57,0.6237791795137131,0.5943152454780362,-0.020666688163470393,False,-1.0,
10113887,2022-05-15T00:00:00+00:00,2022,over,2.62,0.388261178028438,0.35467980295566504,0.017244286434507705,True,1.62,
10113964,2022-05-15T19:00:00+00:00,2022,under,1.68,0.6125031333645199,0.5578947368421053,0.029005264052393454,False,-1.0,
10114029,2022-05-15T20:30:00+00:00,2022,under,1.53,0.6217603944026766,0.6086956521739131,-0.04870659656390475,True,0.53,
10114003,2022-05-15T21:00:00+00:00,2022,over,2.64,0.39502791421328787,0.35294117647058826,0.042873693523080014,True,1.6400000000000001,
10113889,2022-05-15T21:00:00+00:00,2022,under,1.57,0.6018694884942347,0.5964010282776349,-0.05506490306405143,False,-1.0,
10113885,2022-05-15T22:00:00+00:00,2022,under,1.58,0.6232083661385408,0.5917312661498708,-0.01533078150110545,True,0.5800000000000001,
10114105,2022-05-21T19:30:00+00:00,2022,under,1.7,0.6235456772505835,0.5490716180371353,0.06002765132599186,True,0.7,
10113916,2022-05-21T19:30:00+00:00,2022,under,2.59,0.6049278769155622,0.358910891089109,0.566763201211306,True,1.5899999999999999,
10114172,2022-05-21T21:30:00+00:00,2022,under,1.59,0.6059721567844557,0.5880829015544041,-0.036504270712715337,True,0.5900000000000001,
10114094,2022-05-21T22:00:00+00:00,2022,under,1.62,0.6253337278832212,0.578125,0.013040639170818435,False,-1.0,
10114140,2022-05-22T00:00:00+00:00,2022,under,1.58,0.6150617907501036,0.5885416666666667,-0.028202370614836325,True,0.5800000000000001,
10113912,2022-05-22T00:00:00+00:00,2022,over,2.66,0.379359754637915,0.34963325183374083,0.009096947336853844,False,-1.0,
10114136,2022-05-22T19:00:00+00:00,2022,over,2.78,0.3903840077809668,0.3349282296650718,0.08526754163108774,False,-1.0,
10113873,2022-05-22T19:00:00+00:00,2022,under,1.57,0.6250868825939475,0.5943152454780362,-0.018613594327502314,True,0.5700000000000001,
10113881,2022-05-22T22:00:00+00:00,2022,under,1.6,0.6231054353503168,0.5844155844155845,-0.0030313034394930938,False,-1.0,
10114102,2022-05-28T19:30:00+00:00,2022,over,2.49,0.38247377014836254,0.37593984962406013,-0.047640312330577195,False,-1.0,
10114021,2022-05-28T22:00:00+00:00,2022,under,1.61,0.6071420126679216,0.5796344647519582,-0.022501359604646276,False,-1.0,
10113994,2022-05-28T23:30:00+00:00,2022,under,1.66,0.6235252264167956,0.5620052770448549,0.03505187585188074,True,0.6599999999999999,
10113997,2022-05-29T19:00:00+00:00,2022,under,1.59,0.6189823469614247,0.5880829015544041,-0.01581806833133459,True,0.5900000000000001,
10113977,2022-05-29T19:00:00+00:00,2022,under,1.68,0.6226723397048608,0.5567282321899736,0.046089530704166215,True,0.6799999999999999,
10114071,2022-05-29T21:00:00+00:00,2022,under,1.57,0.6142573961789564,0.5943152454780362,-0.035615887999038476,True,0.5700000000000001,
10113941,2022-05-29T21:00:00+00:00,2022,over,2.93,0.3844538649357218,0.3186046511627907,0.12644982426166496,False,-1.0,
10113925,2022-05-29T21:00:00+00:00,2022,under,1.66,0.6248038866513761,0.5643044619422573,0.037174451841284206,False,-1.0,
10114049,2022-05-29T22:00:00+00:00,2022,under,2.03,0.5785833160024195,0.4601063829787235,0.17452413148491153,False,-1.0,
10113926,2022-05-30T23:00:00+00:00,2022,under,1.66,0.615931568088528,0.5620052770448549,0.02244640302695644,True,0.6599999999999999,
10114163,2022-06-01T23:30:00+00:00,2022,over,2.5,0.376111392450027,0.37185929648241206,-0.05972151887493249,False,-1.0,
10113883,2022-06-04T19:30:00+00:00,2022,over,2.68,0.40425142712971696,0.3479318734793187,0.08339382470764156,True,1.6800000000000002,
10113988,2022-06-04T22:00:00+00:00,2022,under,1.58,0.6237105683328892,0.5917312661498708,-0.014537302034035027,False,-1.0,
10114158,2022-06-04T22:00:00+00:00,2022,over,2.56,0.37416905636906783,0.3647642679900745,-0.04212721569518629,False,-1.0,
10114017,2022-06-04T22:00:00+00:00,2022,under,1.74,0.6228612532703335,0.5372340425531914,0.08377858069038036,True,0.74,
10114096,2022-06-04T23:30:00+00:00,2022,under,1.56,0.626842717074581,0.5979381443298969,-0.02212536136365373,True,0.56,
10113991,2022-06-05T14:00:00+00:00,2022,over,2.55,0.3738055123847203,0.36567164179104483,-0.046795943418963204,False,-1.0,
10113872,2022-06-05T19:00:00+00:00,2022,under,1.93,0.554617456286262,0.48670212765957455,0.07041169063248565,False,-1.0,
10113951,2022-06-05T19:00:00+00:00,2022,under,1.82,0.6249419413824724,0.5146666666666666,0.13739433331609985,True,0.8200000000000001,
10113933,2022-06-05T22:00:00+00:00,2022,under,1.55,0.6170862353550592,0.6015424164524421,-0.04351633519965814,True,0.55,
10114070,2022-06-06T23:00:00+00:00,2022,under,1.53,0.6143757611289989,0.6096938775510203,-0.060005085472631614,False,-1.0,
10114077,2022-06-08T00:30:00+00:00,2022,over,2.94,0.37231737373376883,0.31627906976744186,0.09461307877728031,False,-1.0,
10113975,2022-06-08T22:00:00+00:00,2022,over,2.52,0.38919468108829575,0.37,-0.019229403657494704,False,-1.0,
10113874,2022-06-08T22:00:00+00:00,2022,over,2.68,0.37477960611922484,0.3479318734793187,0.004409344399522563,True,1.6800000000000002,
10114039,2022-06-08T23:30:00+00:00,2022,under,1.72,0.6171751055262482,0.5449735449735449,0.06154118150514698,False,-1.0,
10113878,2022-06-08T23:30:00+00:00,2022,under,1.63,0.6277793046442774,0.5744125326370757,0.023280266570172126,True,0.6299999999999999,
10114036,2022-06-09T00:30:00+00:00,2022,under,1.5,0.6256035912613718,0.6212121212121213,-0.06159461310794234,False,-1.0,
10114131,2022-06-09T00:30:00+00:00,2022,over,2.49,0.38353979707559777,0.37437185929648237,-0.044985905281761496,False,-1.0,
10114061,2022-06-09T22:00:00+00:00,2022,under,2.12,0.6012417698607673,0.4421052631578948,0.27463255210482673,False,-1.0,
10114012,2022-06-09T23:00:00+00:00,2022,under,1.58,0.62157779442515,0.5917312661498708,-0.017907084808262863,True,0.5800000000000001,
10114123,2022-06-09T23:00:00+00:00,2022,under,1.79,0.6278251509888371,0.5239361702127658,0.12380702027001833,True,0.79,
10114173,2022-06-11T19:30:00+00:00,2022,over,2.66,0.4139727557590728,0.351219512195122,0.10116753031913372,False,-1.0,
10114072,2022-06-11T22:00:00+00:00,2022,under,1.89,0.5902347000687544,0.4960000000000001,0.11554358312994584,True,0.8899999999999999,
10114002,2022-06-11T22:00:00+00:00,2022,over,2.64,0.3797142727534106,0.35452322738386305,0.0024456800690040303,False,-1.0,
10114026,2022-06-11T22:00:00+00:00,2022,under,1.64,0.613469877918746,0.5684210526315789,0.0060905997867433115,True,0.6399999999999999,
10114125,2022-06-12T00:00:00+00:00,2022,under,1.69,0.6199335631398429,0.552910052910053,0.04768772170633451,False,-1.0,
10113871,2022-06-12T19:00:00+00:00,2022,under,1.54,0.6182115495335407,0.6061381074168799,-0.047954213718347294,True,0.54,
10114137,2022-06-12T19:00:00+00:00,2022,under,1.66,0.615017282941694,0.5631578947368421,0.020928689683211932,True,0.6599999999999999,
10114138,2022-06-12T21:00:00+00:00,2022,under,1.82,0.6230272012804815,0.5146666666666666,0.13390950633047627,True,0.8200000000000001,
10114168,2022-06-12T22:00:00+00:00,2022,under,1.71,0.6230520784573788,0.5488126649076517,0.06541905416211757,True,0.71,
10113877,2022-06-13T22:00:00+00:00,2022,under,1.67,0.6121101065988362,0.5605263157894737,0.022223878020056542,True,0.6699999999999999,
10113923,2022-06-15T00:30:00+00:00,2022,over,2.58,0.3772448661775017,0.3613861386138614,-0.026708245262045627,True,1.58,
10114018,2022-06-15T22:00:00+00:00,2022,under,1.62,0.6230484322165524,0.5824742268041236,0.009338460190814857,True,0.6200000000000001,
10114044,2022-06-15T22:00:00+00:00,2022,under,1.7,0.6193699712310748,0.5538057742782152,0.05292895109282725,False,-1.0,
10113915,2022-06-15T23:30:00+00:00,2022,under,2.11,0.5956282446485583,0.4461942257217848,0.25677559620845813,True,1.1099999999999999,
10114068,2022-06-15T23:30:00+00:00,2022,under,1.59,0.617201162687202,0.5912596401028277,-0.018650151327348707,False,-1.0,
10113876,2022-06-16T00:30:00+00:00,2022,over,2.52,0.386078635022814,0.3731343283582089,-0.027081839742508773,False,-1.0,
10113924,2022-06-16T00:30:00+00:00,2022,over,2.51,0.37850885158724606,0.374064837905237,-0.049942782516012474,False,-1.0,
10114046,2022-06-16T19:00:00+00:00,2022,over,2.54,0.379377276501166,0.3681592039800995,-0.03638171768703835,False,-1.0,
10113875,2022-06-16T21:00:00+00:00,2022,under,2.12,0.585953428754969,0.4421052631578948,0.2422212689605343,False,-1.0,
10113976,2022-06-16T22:00:00+00:00,2022,under,1.59,0.6058847636480633,0.587012987012987,-0.03664322579957924,False,-1.0,
10113965,2022-06-18T22:00:00+00:00,2022,over,2.68,0.37721727654799436,0.3479318734793187,0.010942301148624933,False,-1.0,
10113870,2022-06-19T00:00:00+00:00,2022,under,1.63,0.6122113716381375,0.5744125326370757,-0.002095464229835864,False,-1.0,
10113987,2022-06-19T19:00:00+00:00,2022,under,1.84,0.601808328652273,0.5093333333333334,0.10732732472018225,True,0.8400000000000001,
10113985,2022-06-19T19:00:00+00:00,2022,under,1.65,0.5996013311779189,0.5669291338582678,-0.010657803556433865,True,0.6499999999999999,
10114167,2022-06-19T19:00:00+00:00,2022,over,2.54,0.38094721444779417,0.3665835411471321,-0.03239407530260274,False,-1.0,
10113658,2022-06-19T21:00:00+00:00,2022,under,1.69,0.5921873159587083,0.552910052910053,0.0007965639702169902,False,-1.0,
10113879,2022-06-19T21:00:00+00:00,2022,under,1.67,0.6227896386767647,0.5605263157894737,0.04005869659019701,True,0.6699999999999999,
10114095,2022-06-19T21:00:00+00:00,2022,under,1.76,0.6020798283982864,0.53315649867374,0.05966049798098405,False,-1.0,
10114093,2022-06-19T22:00:00+00:00,2022,under,1.6,0.6169046214529668,0.5844155844155845,-0.012952605675253137,True,0.6000000000000001,
10113937,2022-06-20T23:00:00+00:00,2022,under,1.57,0.6223624609618649,0.5964010282776349,-0.022890936289872155,False,-1.0,
10113785,2022-06-25T00:30:00+00:00,2022,under,1.79,0.6004861282750142,0.5239361702127658,0.07487016961227555,False,-1.0,
10113734,2022-06-25T19:30:00+00:00,2022,under,1.53,0.6161816327973326,0.6106870229007633,-0.05724210182008105,False,-1.0,
10114078,2022-06-25T22:00:00+00:00,2022,over,2.64,0.3910185334353206,0.35452322738386305,0.03228892826924645,False,-1.0,
10113902,2022-06-25T22:00:00+00:00,2022,under,1.94,0.6093672662569849,0.4826666666666667,0.18217249653855072,False,-1.0,
10114058,2022-06-26T00:00:00+00:00,2022,over,2.43,0.4488804634878497,0.3848101265822785,0.09077952627547492,True,1.4300000000000002,
10113904,2022-06-26T19:00:00+00:00,2022,under,1.51,0.620216299056754,0.6186868686868687,-0.06347338842430139,False,-1.0,
10114038,2022-06-26T19:00:00+00:00,2022,over,2.49,0.3842842016830569,0.37593984962406013,-0.04313233780918824,False,-1.0,
10114110,2022-06-26T21:00:00+00:00,2022,under,1.65,0.612720708072576,0.5657894736842106,0.010989168319750275,True,0.6499999999999999,
10113943,2022-06-26T21:00:00+00:00,2022,over,2.6,0.3933936708706155,0.35802469135802467,0.022823544263600226,False,-1.0,
10113731,2022-06-26T21:00:00+00:00,2022,under,1.66,0.5869128775334814,0.5620052770448549,-0.025724623294420934,True,0.6599999999999999,
10113786,2022-07-02T19:30:00+00:00,2022,over,2.58,0.3813102919423569,0.35980148883374685,-0.016219446788719227,True,1.58,
10114066,2022-07-02T19:30:00+00:00,2022,under,1.56,0.6073772162807817,0.5968992248062015,-0.05249154260198052,False,-1.0,
10113782,2022-07-02T22:00:00+00:00,2022,under,1.57,0.6157625673392266,0.5932642487046632,-0.03325276927741416,True,0.5700000000000001,
10114057,2022-07-02T22:00:00+00:00,2022,under,1.66,0.6152496118586351,0.5643044619422573,0.021314355685334352,False,-1.0,
10114178,2022-07-03T00:00:00+00:00,2022,under,2.16,0.5813403305758353,0.4330708661417323,0.2556951140438044,True,1.1600000000000001,
10113961,2022-07-03T14:00:00+00:00,2022,over,2.68,0.3971841097954887,0.3479318734793187,0.06445341425190976,True,1.6800000000000002,
10114143,2022-07-03T19:00:00+00:00,2022,under,1.63,0.6093211082543016,0.5721784776902887,-0.006806593545488404,False,-1.0,
10114007,2022-07-03T21:00:00+00:00,2022,under,1.62,0.6149144609461699,0.5748031496062992,-0.0038385732672047146,True,0.6200000000000001,
10113906,2022-07-03T21:00:00+00:00,2022,under,1.65,0.6064467293571636,0.5669291338582678,0.000637103439319775,False,-1.0,
10113982,2022-07-04T23:00:00+00:00,2022,under,1.65,0.6109771462434542,0.5657894736842106,0.008112291301699326,True,0.6499999999999999,
10113972,2022-07-09T19:30:00+00:00,2022,under,1.83,0.6098263631619507,0.5119999999999999,0.11598224458636985,False,-1.0,
10113918,2022-07-09T22:00:00+00:00,2022,under,1.6,0.6135864839914951,0.5833333333333334,-0.01826162561360789,False,-1.0,
10113935,2022-07-09T23:30:00+00:00,2022,under,1.53,0.6184572733943972,0.6086956521739131,-0.05376037170657233,False,-1.0,
10113962,2022-07-10T14:00:00+00:00,2022,under,1.61,0.6044643610832638,0.5796344647519582,-0.0268123786559451,False,-1.0,
10114092,2022-07-10T19:00:00+00:00,2022,over,2.61,0.3911039310816689,0.3571428571428571,0.020781260123155842,False,-1.0,
10113729,2022-07-10T21:00:00+00:00,2022,under,1.67,0.5804328114651303,0.5605263157894737,-0.030677204853232554,True,0.6699999999999999,
10114100,2022-07-10T21:00:00+00:00,2022,under,1.72,0.6027029529636765,0.5437665782493368,0.036649079097523574,True,0.72,
10113963,2022-07-10T21:00:00+00:00,2022,under,1.63,0.6118820483441012,0.5721784776902887,-0.0026322611991150824,True,0.6299999999999999,
10114086,2022-07-10T22:00:00+00:00,2022,over,2.7,0.3808326213505742,0.3462469733656174,0.02824807764655035,False,-1.0,
10114151,2022-07-11T23:00:00+00:00,2022,under,1.75,0.597776334847491,0.5345744680851063,0.04610858598310941,True,0.75,
10114020,2022-07-16T19:30:00+00:00,2022,under,1.64,0.6137855090296964,0.5706806282722514,0.006608234808701985,True,0.6399999999999999,
10114139,2022-07-16T22:00:00+00:00,2022,under,1.58,0.6208509501482049,0.5917312661498708,-0.019055498765836232,True,0.5800000000000001,
10113905,2022-07-16T22:00:00+00:00,2022,under,2.04,0.590250784293288,0.46031746031746035,0.20411159995830763,True,1.04,
10114091,2022-07-17T00:00:00+00:00,2022,over,2.65,0.38105079767641475,0.35207823960880197,0.009784613842499068,True,1.65,
10114155,2022-07-17T14:00:00+00:00,2022,under,1.51,0.6210463099966174,0.6177215189873417,-0.06222007190510781,True,0.51,
10113705,2022-07-17T19:00:00+00:00,2022,under,1.55,0.6164847119245906,0.6035805626598465,-0.044448696516884434,False,-1.0,
10114175,2022-07-17T21:00:00+00:00,2022,under,1.68,0.5955165221593632,0.5578947368421053,0.00046775722773029216,True,0.6799999999999999,
10113911,2022-07-17T21:00:00+00:00,2022,under,1.61,0.6195372671696364,0.5818181818181818,-0.002544999856885277,True,0.6100000000000001,
10113784,2022-07-17T22:00:00+00:00,2022,under,1.65,0.6161846973965373,0.5669291338582678,0.016704750704286342,False,-1.0,
10114052,2022-07-18T23:00:00+00:00,2022,under,2.04,0.5753147504332184,0.4588859416445623,0.1736420908837657,True,1.04,
10113724,2022-07-20T00:30:00+00:00,2022,under,1.92,0.5996811733959634,0.4893617021276595,0.1513878529202497,True,0.9199999999999999,
10113945,2022-07-20T22:00:00+00:00,2022,under,1.66,0.6199055888218326,0.5631578947368421,0.029043277444241955,False,-1.0,
10113783,2022-07-20T22:00:00+00:00,2022,under,1.67,0.5950197984518848,0.5605263157894737,-0.006316936585352484,False,-1.0,
10114008,2022-07-20T22:30:00+00:00,2022,under,1.64,0.6016812730658012,0.5718015665796345,-0.013242712172086057,False,-1.0,
10114041,2022-07-20T23:30:00+00:00,2022,under,2.17,0.5736931501299816,0.4319371727748692,0.2449141357820599,False,-1.0,
10113901,2022-07-20T23:30:00+00:00,2022,under,1.59,0.609774264471865,0.587012987012987,-0.03045891948973456,False,-1.0,
10114174,2022-07-21T00:30:00+00:00,2022,under,1.59,0.5893319479641685,0.5880829015544041,-0.06296220273697195,False,-1.0,
10114001,2022-07-21T00:30:00+00:00,2022,under,1.65,0.6075465877801565,0.5669291338582678,0.0024518698372582026,True,0.6499999999999999,
10114022,2022-07-21T22:00:00+00:00,2022,over,2.75,0.3817438046909266,0.3389423076923077,0.049795462900048104,False,-1.0,
10113922,2022-07-21T23:00:00+00:00,2022,under,1.68,0.619772737188955,0.5567282321899736,0.041218198477444234,True,0.6799999999999999,
10113984,2022-07-23T22:00:00+00:00,2022,under,1.79,0.6011337581471383,0.5226666666666666,0.07602942708337768,False,-1.0,
10113778,2022-07-24T00:00:00+00:00,2022,under,1.57,0.6208279432448822,0.5964010282776349,-0.02530012910553492,True,0.5700000000000001,
10113695,2022-07-24T14:00:00+00:00,2022,under,1.84,0.62024235987161,0.5106382978723403,0.1412459421637624,False,-1.0,
10113971,2022-07-24T19:00:00+00:00,2022,under,1.82,0.605901488656594,0.5159574468085106,0.10274070935500101,False,-1.0,
10114098,2022-07-24T19:00:00+00:00,2022,over,2.47,0.38104284366558744,0.38095238095238093,-0.058824176145998996,False,-1.0,
10114118,2022-07-24T19:00:00+00:00,2022,under,1.98,0.5947783998737608,0.473404255319149,0.17766123175004633,False,-1.0,
10113903,2022-07-24T21:00:00+00:00,2022,under,1.68,0.6086953083457611,0.5578947368421053,0.022608118020878587,True,0.6799999999999999,
10114156,2022-07-24T21:00:00+00:00,2022,under,1.61,0.59158476098008,0.5818181818181818,-0.04754853482207122,False,-1.0,
10114117,2022-07-24T22:00:00+00:00,2022,under,1.65,0.6208815059234429,0.5691906005221933,0.02445448477368073,True,0.6499999999999999,
10114099,2022-07-25T23:00:00+00:00,2022,under,1.52,0.6180472278323178,0.6142131979695431,-0.06056821369487697,True,0.52,
10113779,2022-07-30T19:30:00+00:00,2022,under,1.65,0.6208809266272552,0.5680628272251309,0.024453528934971214,False,-1.0,
10114006,2022-07-30T19:30:00+00:00,2022,under,1.64,0.603056299777889,0.5695538057742782,-0.010987668364262126,True,0.6399999999999999,
10114060,2022-07-30T22:00:00+00:00,2022,over,2.62,0.40782848623586265,0.3562653562653562,0.0685106339379602,False,-1.0,
10114027,2022-07-30T23:30:00+00:00,2022,under,1.88,0.5837530150516286,0.4986666666666667,0.09745566829706176,False,-1.0,
10113907,2022-07-31T19:00:00+00:00,2022,under,1.6,0.6069993262763447,0.5844155844155845,-0.028801077957848475,True,0.6000000000000001,
10113930,2022-07-31T19:00:00+00:00,2022,under,1.52,0.6207003751928055,0.6151898734177215,-0.05653542970693559,False,-1.0,
10113781,2022-07-31T21:00:00+00:00,2022,under,1.7,0.6147021444875588,0.5502645502645502,0.04499364562885,False,-1.0,
10114161,2022-07-31T21:00:00+00:00,2022,over,2.83,0.395851780280612,0.3293838862559242,0.12026053819413196,False,-1.0,
10114122,2022-07-31T22:00:00+00:00,2022,under,1.8,0.5725562256758322,0.5212765957446809,0.030601206216497978,True,0.8,
10113952,2022-08-01T23:00:00+00:00,2022,under,1.64,0.6189594583480341,0.5706806282722514,0.015093511690775996,False,-1.0,
10114154,2022-08-06T19:30:00+00:00,2022,under,1.54,0.6162731075268928,0.6061381074168799,-0.05093941440858507,True,0.54,
10113900,2022-08-06T19:30:00+00:00,2022,under,1.66,0.6191827182857179,0.5643044619422573,0.027843312354291605,True,0.6599999999999999,
10114085,2022-08-06T22:00:00+00:00,2022,under,1.65,0.6199143092481116,0.5657894736842106,0.022858610259384182,False,-1.0,
10114009,2022-08-06T22:00:00+00:00,2022,over,2.62,0.3830267446298103,0.3562653562653562,0.0035300709301029354,False,-1.0,
10113780,2022-08-06T23:30:00+00:00,2022,under,1.59,0.6195988632825151,0.5880829015544041,-0.014837807380800871,True,0.5900000000000001,
10113979,2022-08-07T19:00:00+00:00,2022,over,2.38,0.430037124884984,0.39285714285714285,0.023488357226261858,False,-1.0,
10113929,2022-08-07T19:00:00+00:00,2022,under,2.42,0.5629707573042277,0.3873417721518988,0.362389232676231,False,-1.0,
10113703,2022-08-07T21:00:00+00:00,2022,under,1.71,0.6192596510130857,0.5476190476190477,0.05893400323237641,False,-1.0,
10113693,2022-08-07T22:00:00+00:00,2022,under,1.73,0.6041399404571072,0.5411140583554377,0.04516209699079532,False,-1.0,
10114135,2022-08-08T23:00:00+00:00,2022,over,2.46,0.38016144400528373,0.37878787878787873,-0.06480284774700207,True,1.46,
10113895,2022-08-13T19:30:00+00:00,2022,under,1.69,0.5953170251404072,0.554089709762533,0.0060857724872880326,True,0.69,
10113914,2022-08-13T22:00:00+00:00,2022,under,1.51,0.6195951232342382,0.6177215189873417,-0.06441136391630042,True,0.51,
10113690,2022-08-13T23:30:00+00:00,2022,over,2.79,0.3946946841993435,0.3341288782816229,0.10119816891616829,False,-1.0,
10113777,2022-08-14T00:00:00+00:00,2022,under,1.64,0.6027722170496783,0.5706806282722514,-0.011453564038527597,True,0.6399999999999999,
10114109,2022-08-14T14:00:00+00:00,2022,under,1.62,0.6167465395303168,0.577023498694517,-0.0008706059608867278,True,0.6200000000000001,
10114166,2022-08-14T19:00:00+00:00,2022,over,2.5,0.401773760163532,0.37343358395989973,0.004434400408829919,False,-1.0,
10113898,2022-08-14T19:00:00+00:00,2022,under,2.13,0.603206822497669,0.4379947229551451,0.2848305319200348,False,-1.0,
10113688,2022-08-14T19:00:00+00:00,2022,under,1.67,0.6140571391284255,0.5593667546174143,0.025475422344470644,False,-1.0,
10113948,2022-08-14T21:00:00+00:00,2022,under,1.58,0.6179650090287152,0.5927835051546391,-0.0236152857346299,True,0.5800000000000001,
10114074,2022-08-14T22:00:00+00:00,2022,under,1.61,0.6136402383858567,0.5796344647519582,-0.012039216198770686,False,-1.0,
10114030,2022-08-20T19:30:00+00:00,2022,under,2.17,0.5847243764087775,0.4319371727748692,0.26885189680704724,True,1.17,
10114037,2022-08-20T22:00:00+00:00,2022,under,1.91,0.5622356518130711,0.4920212765957447,0.07387009496296582,False,-1.0,
10114028,2022-08-21T14:00:00+00:00,2022,under,1.57,0.6222771228291673,0.5953608247422679,-0.023024917158207425,False,-1.0,
10114106,2022-08-21T19:00:00+00:00,2022,under,1.73,0.6046211801749831,0.5411140583554377,0.04599464170272083,True,0.73,
10113891,2022-08-21T21:00:00+00:00,2022,under,1.75,0.6009275986509615,0.5358090185676392,0.05162329763918261,True,0.75,
10114111,2022-08-21T21:00:00+00:00,2022,over,2.63,0.3883033391232561,0.35539215686274506,0.021237781894163588,False,-1.0,
10113773,2022-08-21T21:00:00+00:00,2022,over,2.48,0.37854956632916026,0.37688442211055284,-0.061197075503682585,False,-1.0,
10114128,2022-08-21T21:00:00+00:00,2022,under,1.6,0.612310936520444,0.5833333333333334,-0.02030250156728952,True,0.6000000000000001,
10114040,2022-08-21T22:00:00+00:00,2022,under,1.54,0.6122244974268515,0.6051282051282051,-0.057174273962648736,True,0.54,
10114065,2022-08-22T23:00:00+00:00,2022,under,1.62,0.6211196346144943,0.5792207792207793,0.006213808075480776,True,0.6200000000000001,
10113995,2022-08-27T19:30:00+00:00,2022,under,1.63,0.6173635773286219,0.5732984293193717,0.0063026310456535395,True,0.6299999999999999,
10114126,2022-08-27T19:30:00+00:00,2022,under,1.6,0.6082737557813841,0.5833333333333334,-0.026761990749785358,False,-1.0,
10113999,2022-08-27T22:00:00+00:00,2022,under,1.68,0.6221501148594701,0.5567282321899736,0.04521219296390977,True,0.6799999999999999,
10113942,2022-08-28T00:00:00+00:00,2022,under,1.64,0.6213967155852198,0.5706806282722514,0.019090613559760383,True,0.6399999999999999,
10113687,2022-08-28T19:00:00+00:00,2022,under,1.68,0.6221811443431169,0.5567282321899736,0.045264322496436415,True,0.6799999999999999,
10114063,2022-08-28T19:00:00+00:00,2022,under,1.57,0.6093603231941302,0.5943152454780362,-0.04330429258521551,True,0.5700000000000001,
10114169,2022-08-28T21:00:00+00:00,2022,under,1.74,0.61782026872698,0.5384615384615384,0.07500726758494536,True,0.74,
10114019,2022-08-28T21:00:00+00:00,2022,over,2.82,0.37786512855555027,0.3317535545023697,0.0655796625266516,False,-1.0,
10114048,2022-08-29T23:00:00+00:00,2022,under,1.83,0.5495202226205919,0.5119999999999999,0.005622007395683193,False,-1.0,
10616802,2022-08-30T00:30:00+00:00,2022,over,2.7,0.4007540907021055,0.3462469733656174,0.08203604489568495,False,-1.0,
10113960,2022-09-03T19:30:00+00:00,2022,under,1.56,0.6219865668981435,0.6,-0.029700955638896187,True,0.56,
10114080,2022-09-03T22:00:00+00:00,2022,under,1.73,0.6205748086202628,0.5423280423280423,0.07359441891305463,True,0.73,
10113917,2022-09-03T22:00:00+00:00,2022,under,1.57,0.6182965832288343,0.5964010282776349,-0.029274364330730163,False,-1.0,
10113776,2022-09-03T23:30:00+00:00,2022,under,1.68,0.5910307352677132,0.5578947368421053,-0.007068364750241862,True,0.6799999999999999,
10113685,2022-09-04T14:00:00+00:00,2022,under,1.9,0.5637612488782848,0.4933333333333334,0.07114637286874115,True,0.8999999999999999,
10113968,2022-09-04T19:00:00+00:00,2022,over,2.62,0.3784829846427201,0.3578431372549019,-0.008374580236073292,True,1.62,
10114148,2022-09-04T19:00:00+00:00,2022,under,1.57,0.6000522480322579,0.5953608247422679,-0.057917970589355106,False,-1.0,
10114097,2022-09-04T21:00:00+00:00,2022,under,1.63,0.6250306334555691,0.5755208333333333,0.018799932532577612,True,0.6299999999999999,
10113896,2022-09-04T22:00:00+00:00,2022,over,2.95,0.37730916601512887,0.3171296296296296,0.11306203974463025,False,-1.0,
10113775,2022-09-05T23:00:00+00:00,2022,under,1.81,0.6117775672688166,0.5186170212765957,0.10731739675655816,False,-1.0,
10113956,2022-09-07T20:00:00+00:00,2022,under,1.68,0.5968793213028245,0.5567282321899736,0.002757259788745081,True,0.6799999999999999,
10113686,2022-09-10T19:30:00+00:00,2022,over,2.62,0.37735441987581864,0.3562653562653562,-0.011331419925355135,True,1.62,
10113892,2022-09-10T19:30:00+00:00,2022,over,2.28,0.4271815936277575,0.41085271317829464,-0.02602596652871303,False,-1.0,
10113774,2022-09-10T22:00:00+00:00,2022,under,1.7,0.6054751635304463,0.5514511873350922,0.029307778001758544,False,-1.0,
10114160,2022-09-11T00:00:00+00:00,2022,under,2.4,0.47890132205656877,0.3893129770992366,0.14936317293576495,False,-1.0,
10113969,2022-09-11T14:00:00+00:00,2022,under,1.55,0.6236202315173716,0.6025641025641026,-0.03338864114807405,True,0.55,
10114056,2022-09-11T14:00:00+00:00,2022,under,1.65,0.6232751782942418,0.5680628272251309,0.02840404418549891,True,0.6499999999999999,
10114114,2022-09-11T19:00:00+00:00,2022,under,1.62,0.62134002753071,0.5792207792207793,0.006570844599750325,True,0.6200000000000001,
10114084,2022-09-11T19:00:00+00:00,2022,over,2.71,0.37513255432051895,0.3454106280193236,0.016609222208606278,False,-1.0,
10113899,2022-09-11T22:00:00+00:00,2022,under,1.89,0.6237313788748875,0.49734042553191504,0.17885230607353741,True,0.8899999999999999,
10113897,2022-09-17T19:30:00+00:00,2022,under,1.64,0.6216911270312109,0.5706806282722514,0.019573448331185794,True,0.6399999999999999,
10114088,2022-09-17T22:00:00+00:00,2022,under,1.69,0.6003164461933281,0.552910052910053,0.014534794066724421,True,0.69,
10114090,2022-09-18T14:00:00+00:00,2022,under,1.89,0.6218091577524281,0.4960000000000001,0.17521930815208897,True,0.8899999999999999,
10114147,2022-09-18T19:00:00+00:00,2022,under,1.53,0.6118275511785235,0.6096938775510203,-0.063903846696859,True,0.53,
10114047,2022-09-18T19:00:00+00:00,2022,under,1.78,0.6000349409503943,0.5265957446808511,0.06806219489170195,False,-1.0,
10113940,2022-09-18T21:00:00+00:00,2022,under,1.53,0.6220086282150117,0.6106870229007633,-0.04832679883103208,True,0.53,
10114034,2022-09-18T21:00:00+00:00,2022,under,1.61,0.625149216902535,0.5829015544041452,0.00649023921308145,True,0.6100000000000001,
10114023,2022-09-18T21:30:00+00:00,2022,under,1.91,0.5628704384936039,0.4920212765957447,0.07508253752278327,True,0.9099999999999999,
10114144,2022-09-18T22:00:00+00:00,2022,over,2.57,0.41784334718449606,0.36386138613861385,0.07385740226415471,True,1.5699999999999998,
10114176,2022-09-19T23:00:00+00:00,2022,under,1.6,0.617691202466589,0.5854922279792746,-0.011694076053457514,False,-1.0,
10114014,2022-09-25T23:00:00+00:00,2022,under,1.92,0.5986623737629646,0.4893617021276595,0.14943175762489203,False,-1.0,
10113913,2022-09-28T00:00:00+00:00,2022,under,1.63,0.6240405857312746,0.5755208333333333,0.0171861547419776,True,0.6299999999999999,
10114112,2022-09-28T22:00:00+00:00,2022,over,2.21,0.429890103615798,0.42297650130548303,-0.049942871009086454,True,1.21,
10114103,2022-09-28T22:00:00+00:00,2022,under,1.6,0.6255281190204236,0.5844155844155845,0.0008449904326777169,True,0.6000000000000001,
10113894,2022-09-28T22:00:00+00:00,2022,under,2.17,0.54411202268173,0.4319371727748692,0.1807230892193541,False,-1.0,
10114130,2022-09-28T22:00:00+00:00,2022,over,2.49,0.3775347585379251,0.37437185929648237,-0.059938451240566404,True,1.4900000000000002,
10114031,2022-09-29T00:00:00+00:00,2022,over,2.54,0.37474334359092254,0.3665835411471321,-0.048151907279056716,True,1.54,
10114171,2022-09-29T00:45:00+00:00,2022,under,1.59,0.6255176930865564,0.587012987012987,-0.0054268679923753504,True,0.5900000000000001,
10113928,2022-09-29T00:45:00+00:00,2022,under,1.58,0.6077340444322998,0.5906735751295336,-0.03978020979696617,True,0.5800000000000001,
10114069,2022-09-29T00:45:00+00:00,2022,under,1.72,0.5915024890608953,0.5437665782493368,0.017384281184740003,True,0.72,
10113882,2022-10-01T18:00:00+00:00,2022,under,1.72,0.6240127354799561,0.5437665782493368,0.07330190502552436,True,0.72,
10113890,2022-10-01T18:00:00+00:00,2022,under,1.65,0.6231797136645834,0.5680628272251309,0.028246527546562428,False,-1.0,
10113998,2022-10-01T18:00:00+00:00,2022,under,1.65,0.5970054939205581,0.5657894736842106,-0.014940935031079183,True,0.6499999999999999,
10113955,2022-10-01T22:00:00+00:00,2022,under,1.78,0.5593503150119766,0.5265957446808511,-0.0043564392786815676,True,0.78,
10113981,2022-10-01T22:00:00+00:00,2022,under,1.59,0.6107318489355782,0.587012987012987,-0.02893636019243062,False,-1.0,
10113927,2022-10-01T22:00:00+00:00,2022,under,1.92,0.588962712283567,0.488,0.13080840758444867,False,-1.0,
10114083,2022-10-01T22:00:00+00:00,2022,under,1.59,0.614763632393509,0.5880829015544041,-0.022525824494320723,True,0.5900000000000001,
10113893,2022-10-02T00:00:00+00:00,2022,over,2.53,0.40541391864185444,0.3690773067331671,0.02569721416389159,False,-1.0,
10114062,2022-10-03T23:00:00+00:00,2022,under,1.68,0.6209998951629419,0.5555555555555556,0.043279823873742185,False,-1.0,
10113934,2022-10-05T00:30:00+00:00,2022,over,2.47,0.3812620916563877,0.37626262626262624,-0.05828263360872232,True,1.4700000000000002,
10113884,2022-10-05T22:00:00+00:00,2022,under,1.63,0.6135803991282044,0.5721784776902887,0.00013605057897314587,False,-1.0,
10114042,2022-10-05T22:00:00+00:00,2022,under,1.62,0.6228174798212145,0.577023498694517,0.008964317310367509,True,0.6200000000000001,
10114101,2022-10-05T22:00:00+00:00,2022,over,2.48,0.39211900660998245,0.3753148614609572,-0.027544863607243508,True,1.48,
10114025,2022-10-05T22:30:00+00:00,2022,under,1.62,0.6103829899751105,0.577023498694517,-0.011179556240320854,True,0.6200000000000001,
10114089,2022-10-06T00:30:00+00:00,2022,under,2.19,0.6154056580162877,0.4267015706806283,0.34773839105566995,True,1.19,
10113888,2022-10-06T00:30:00+00:00,2022,under,1.51,0.6210170456201145,0.6177215189873417,-0.06226426111362704,False,-1.0,
10114159,2022-10-06T22:00:00+00:00,2022,under,2.35,0.5023952260864485,0.39588688946015427,0.18062878130315396,False,-1.0,
10114075,2022-10-06T23:00:00+00:00,2022,under,1.63,0.6193814605764486,0.5732984293193717,0.009591780739611089,False,-1.0,
10113992,2022-10-06T23:00:00+00:00,2022,under,1.54,0.6256531492042267,0.6041131105398457,-0.03649415022549096,False,-1.0,
10114073,2022-10-08T22:00:00+00:00,2022,under,1.53,0.6237920243799169,0.6086956521739131,-0.045598202698727164,False,-1.0,
10113973,2022-10-09T00:00:00+00:00,2022,over,2.61,0.39061669224770557,0.3571428571428571,0.0195095667665115,True,1.6099999999999999,
10114116,2022-10-09T14:00:00+00:00,2022,under,1.86,0.5796072363837161,0.5026737967914439,0.07806945967371215,False,-1.0,
10114104,2022-10-09T19:00:00+00:00,2022,under,1.68,0.566133545649159,0.5555555555555556,-0.048895643309412984,True,0.6799999999999999,
10113989,2022-10-09T19:00:00+00:00,2022,under,1.72,0.6055071333519988,0.5437665782493368,0.04147226936543791,True,0.72,
10113880,2022-10-09T21:00:00+00:00,2022,under,1.68,0.5726815891118173,0.5567282321899736,-0.03789493029214697,True,0.6799999999999999,
10114124,2022-10-09T21:00:00+00:00,2022,under,1.61,0.6222981585883061,0.5796344647519582,0.0019000353271727555,False,-1.0,
10114133,2022-10-09T21:00:00+00:00,2022,under,1.89,0.6018486881903304,0.4960000000000001,0.13749402067972438,True,0.8899999999999999,
10113668,2022-10-10T21:30:00+00:00,2022,under,1.83,0.5884507178028358,0.5132978723404255,0.0768648135791894,True,0.8300000000000001,
10664824,2022-10-10T23:00:00+00:00,2022,under,1.7,0.570341533369189,0.5502645502645502,-0.030419393272378636,False,-1.0,
10113669,2022-10-15T23:30:00+00:00,2022,under,1.68,0.6151986286331306,0.5567282321899736,0.033533696103659416,False,-1.0,
10113909,2022-10-15T23:30:00+00:00,2022,under,1.55,0.6032171342833177,0.6025641025641026,-0.06501344186085756,True,0.55,
10113671,2022-10-16T19:00:00+00:00,2022,over,2.65,0.3914711362593405,0.35207823960880197,0.03739851108725234,False,-1.0,
10113670,2022-10-16T19:00:00+00:00,2022,under,1.76,0.5578769432655771,0.5319148936170213,-0.01813657985258421,True,0.76,
10113920,2022-10-16T21:00:00+00:00,2022,under,1.59,0.622435721005068,0.5859375,-0.010327203601941726,True,0.5900000000000001,
10113741,2022-10-16T21:00:00+00:00,2022,under,1.64,0.6214540562941542,0.5706806282722514,0.019184652322412843,True,0.6399999999999999,
10113959,2022-10-16T22:00:00+00:00,2022,under,1.7,0.5760085092827295,0.5502645502645502,-0.020785534219359914,True,0.7,
10113740,2022-10-16T22:00:00+00:00,2022,under,1.62,0.6160122159983829,0.5759162303664922,-0.0020602100826196956,False,-1.0,
10113986,2022-10-17T23:00:00+00:00,2022,under,1.57,0.6120298902322886,0.5943152454780362,-0.03911307233530681,True,0.5700000000000001,
10716616,2022-10-20T23:00:00+00:00,2022,under,1.8,0.5694380774003058,0.518716577540107,0.02498853932055045,False,-1.0,
10113665,2022-10-22T19:30:00+00:00,2022,under,1.63,0.6187642349753648,0.5732984293193717,0.008585703009844625,False,-1.0,
10114120,2022-10-22T22:00:00+00:00,2022,under,1.67,0.6212988330108197,0.5593667546174143,0.03756905112806885,False,-1.0,
10114157,2022-10-22T22:00:00+00:00,2022,over,2.91,0.38280841262503307,0.3200934579439252,0.11397248073884625,False,-1.0,
10114024,2022-10-23T00:00:00+00:00,2022,under,2.49,0.44084353635946805,0.3743718592964824,0.09770040553507564,False,-1.0,
10114035,2022-10-23T19:00:00+00:00,2022,under,1.66,0.6051230653945228,0.5620052770448549,0.004504288554907809,False,-1.0,
10113666,2022-10-23T19:00:00+00:00,2022,under,1.67,0.6113327135955499,0.5593667546174143,0.020925631704568293,False,-1.0,
10113737,2022-10-23T21:00:00+00:00,2022,under,1.6,0.6157087401153953,0.5822454308093994,-0.014866015815367395,True,0.6000000000000001,
10113996,2022-10-23T21:00:00+00:00,2022,under,1.69,0.6068818902069916,0.5517241379310345,0.02563039444981574,True,0.69,
10113667,2022-10-23T21:00:00+00:00,2022,under,1.63,0.6192338766522484,0.5732984293193717,0.009351218943164818,False,-1.0,
10113950,2022-10-24T23:00:00+00:00,2022,over,2.58,0.38624305186524005,0.3613861386138614,-0.0034929261876806006,False,-1.0,
10113730,2022-10-26T00:45:00+00:00,2022,under,1.67,0.6148426284776588,0.5593667546174143,0.026787189557690105,False,-1.0,
10114141,2022-10-26T00:45:00+00:00,2022,under,1.99,0.5836213314872303,0.4693333333333334,0.16140644965958817,False,-1.0,
10114011,2022-10-26T22:30:00+00:00,2022,under,1.62,0.6025425659823069,0.5759162303664922,-0.02388104310866268,False,-1.0,
10113736,2022-10-27T00:45:00+00:00,2022,over,2.48,0.39000077621410717,0.37844611528822053,-0.032798074989014214,False,-1.0,
10113662,2022-10-27T00:45:00+00:00,2022,under,1.7,0.618081771142664,0.5538057742782152,0.05073901094252875,False,-1.0,
10114150,2022-10-27T00:45:00+00:00,2022,over,2.11,0.45192169665714566,0.4447368421052632,-0.046445220053422775,True,1.1099999999999999,
10114043,2022-10-27T22:00:00+00:00,2022,under,1.96,0.5663374133379435,0.4773333333333334,0.11002133014236937,False,-1.0,
10113974,2022-10-27T22:00:00+00:00,2022,under,1.87,0.5773458021002391,0.5,0.07963664992744723,False,-1.0,
10113738,2022-10-27T22:30:00+00:00,2022,under,2.31,0.528328749202587,0.4031007751937985,0.2204394106579759,True,1.31,
10114067,2022-10-27T23:00:00+00:00,2022,under,1.62,0.5903286909170775,0.5759162303664922,-0.04366752071433433,True,0.6200000000000001,
10840093,2022-10-29T22:30:00+00:00,2022,over,2.47,0.37908153434157876,0.37626262626262624,-0.06366861017630043,False,-1.0,
10114165,2022-10-31T23:00:00+00:00,2022,under,1.66,0.6187146828918204,0.5643044619422573,0.027066373600421745,True,0.6599999999999999,
10114010,2022-11-01T22:00:00+00:00,2022,over,2.36,0.4208395906848163,0.39641943734015345,-0.006818565983833569,False,-1.0,
10113732,2022-11-02T00:30:00+00:00,2022,over,2.64,0.388367386432467,0.35609756097560974,0.025289900181712843,True,1.6400000000000001,
10113663,2022-11-02T19:00:00+00:00,2022,under,1.72,0.6199229114743536,0.5485564304461942,0.06626740773588824,True,0.72,
10114162,2022-11-02T19:00:00+00:00,2022,under,1.81,0.611305805645649,0.5173333333333333,0.10646350821862471,False,-1.0,
10113938,2022-11-02T22:00:00+00:00,2022,under,1.66,0.6194271674800873,0.5654450261780105,0.028249098016944973,False,-1.0,
10113735,2022-11-02T22:00:00+00:00,2022,under,1.67,0.61941955879771,0.5593667546174143,0.0344306631921758,False,-1.0,
10113733,2022-11-02T22:00:00+00:00,2022,under,1.68,0.6196522167188876,0.5602094240837696,0.04101572408773113,True,0.6799999999999999,
10114054,2022-11-03T00:30:00+00:00,2022,under,1.66,0.582777086239073,0.5608465608465609,-0.03259003684313888,False,-1.0,
10114050,2022-11-03T00:30:00+00:00,2022,under,2.15,0.5590159242808315,0.4371727748691099,0.20188423720378768,False,-1.0,
10113664,2022-11-05T19:30:00+00:00,2022,under,1.86,0.6087638223441527,0.504,0.13230070956012407,False,-1.0,
10113704,2022-11-05T19:30:00+00:00,2022,under,1.82,0.553248286294028,0.5146666666666666,0.006911881055130964,True,0.8200000000000001,
10113723,2022-11-05T22:00:00+00:00,2022,under,1.81,0.5549670252074898,0.5173333333333333,0.0044903156255564625,True,0.81,
10113659,2022-11-05T22:00:00+00:00,2022,under,1.84,0.6175655146296666,0.5093333333333334,0.13632054691858664,False,-1.0,
10113908,2022-11-05T23:30:00+00:00,2022,over,2.37,0.4230214154850573,0.39230769230769225,0.002560754699585832,False,-1.0,
10114107,2022-11-06T00:00:00+00:00,2022,under,1.71,0.5667926635464497,0.5476190476190477,-0.030784545335570956,True,0.71,
10114119,2022-11-06T19:00:00+00:00,2022,under,1.66,0.6001232093662054,0.5631578947368421,-0.0037954724520989913,True,0.6599999999999999,
10113919,2022-11-06T19:00:00+00:00,2022,under,1.89,0.5742475584465767,0.4960000000000001,0.08532788546403003,True,0.8899999999999999,
10114064,2022-11-06T21:30:00+00:00,2022,under,1.69,0.5863786154625015,0.552910052910053,-0.009020139868372579,True,0.69,
10113944,2022-11-07T23:00:00+00:00,2022,under,1.7,0.6030713166584287,0.5490716180371353,0.025221238319328876,True,0.7,
10113983,2022-11-09T00:30:00+00:00,2022,under,1.73,0.6174967725619601,0.5398936170212767,0.0682694165321911,True,0.73,
10114153,2022-11-09T22:00:00+00:00,2022,under,1.62,0.6175803666522517,0.577023498694517,0.0004801939766478913,True,0.6200000000000001,
10113656,2022-11-09T22:00:00+00:00,2022,over,2.51,0.3835040555891772,0.3709273182957394,-0.03740482047116522,True,1.5099999999999998,
10113954,2022-11-09T22:00:00+00:00,2022,under,2.24,0.5761207616473215,0.41666666666666663,0.2905105060900004,False,-1.0,
10113661,2022-11-09T23:30:00+00:00,2022,under,1.82,0.5860691806574762,0.5146666666666666,0.0666459087966067,False,-1.0,
10113967,2022-11-10T00:30:00+00:00,2022,under,1.77,0.6167978677184371,0.528,0.09173222586163376,True,0.77,
10114082,2022-11-10T00:30:00+00:00,2022,under,1.73,0.5818809683765417,0.5398936170212767,0.006654075291417039,False,-1.0,
10113660,2022-11-10T00:30:00+00:00,2022,under,2.39,0.5576942251565228,0.39030612244897955,0.33288919812408957,False,-1.0,
10113728,2022-11-10T23:00:00+00:00,2022,under,1.73,0.590006427030994,0.5398936170212767,0.02071111876361975,False,-1.0,
10113953,2022-11-10T23:00:00+00:00,2022,under,1.63,0.604751288588014,0.5721784776902887,-0.014255399601537322,False,-1.0,
10113691,2022-11-12T19:00:00+00:00,2022,under,2.73,0.4915468982434459,0.3389830508474576,0.3419230322046072,False,-1.0,
10113947,2022-11-13T19:00:00+00:00,2022,under,2.2,0.5693216851883407,0.42257217847769024,0.2525077074143496,True,1.2000000000000002,
10114145,2022-11-13T19:00:00+00:00,2022,under,1.66,0.6143383478110842,0.5608465608465609,0.019801657366399716,False,-1.0,
10113970,2022-11-13T19:00:00+00:00,2022,under,1.89,0.5788528103658699,0.4946524064171124,0.09403181159149399,False,-1.0,
10113990,2022-11-13T19:00:00+00:00,2022,over,2.39,0.39978902595885507,0.3887468030690537,-0.044504227958336307,False,-1.0,
10114004,2022-11-13T19:00:00+00:00,2022,under,1.63,0.6038989759999386,0.5710526315789474,-0.015644669120100207,False,-1.0,
10113694,2022-11-13T19:00:00+00:00,2022,under,1.83,0.6161917150837461,0.5106951871657754,0.12763083860325541,False,-1.0,
10114142,2022-11-13T19:00:00+00:00,2022,under,2.0,0.6177737617928754,0.4666666666666667,0.2355475235857507,False,-1.0,
10113657,2022-11-13T19:00:00+00:00,2022,under,2.06,0.6153307713556676,0.4535809018567639,0.26758138899267525,True,1.06,
10113692,2022-11-13T19:00:00+00:00,2022,under,1.81,0.6130370940489337,0.516042780748663,0.10959714022857003,True,0.81,
